/*******************************************************************************
 * Size: 18 px
 * Bpp: 4
 * Opts: undefined
 ******************************************************************************/

#ifdef LV_LVGL_H_INCLUDE_SIMPLE
#include "lvgl.h"
#else
#include "lvgl.h"
#endif

#ifndef LV_FONT_ZIHUNDAHEI_18
#define LV_FONT_ZIHUNDAHEI_18 1
#endif

#if LV_FONT_ZIHUNDAHEI_18

/*-----------------
 *    BITMAPS
 *----------------*/

/*Store the image of the glyphs*/
static LV_ATTRIBUTE_LARGE_CONST const uint8_t glyph_bitmap[] = {
    /* U+0020 " " */

    /* U+0021 "!" */
    0xcf, 0xf9, 0xcf, 0xf9, 0xcf, 0xf9, 0xcf, 0xf9,
    0xcf, 0xf9, 0xbf, 0xf9, 0xaf, 0xf7, 0x9f, 0xf6,
    0x6d, 0xd4, 0x48, 0x83, 0x9f, 0xf6, 0x9f, 0xf6,

    /* U+0022 "\"" */
    0x7a, 0xa4, 0x1a, 0xaa, 0x1c, 0xff, 0x71, 0xff,
    0xf2, 0xcf, 0xf7, 0x1f, 0xff, 0x2c, 0xff, 0x71,
    0xff, 0xf2, 0xcf, 0xf7, 0x1f, 0xff, 0x20,

    /* U+0023 "#" */
    0x0, 0x6, 0xff, 0xf0, 0x1f, 0xff, 0x40, 0x0,
    0x9, 0xff, 0xc0, 0x3f, 0xff, 0x20, 0xd, 0xdf,
    0xff, 0xfd, 0xef, 0xff, 0xda, 0xf, 0xff, 0xff,
    0xff, 0xff, 0xff, 0xfb, 0xf, 0xff, 0xff, 0xff,
    0xff, 0xff, 0xfb, 0x0, 0x3f, 0xff, 0x20, 0xef,
    0xf7, 0x0, 0x0, 0x5f, 0xff, 0x0, 0xff, 0xf5,
    0x0, 0x0, 0x7f, 0xfe, 0x2, 0xff, 0xf3, 0x0,
    0xcf, 0xff, 0xff, 0xff, 0xff, 0xff, 0xe0, 0xcf,
    0xff, 0xff, 0xff, 0xff, 0xff, 0xe0, 0xae, 0xff,
    0xfe, 0xef, 0xff, 0xfe, 0xc0, 0x1, 0xff, 0xf4,
    0xc, 0xff, 0x90, 0x0, 0x4, 0xff, 0xf1, 0xe,
    0xff, 0x60, 0x0,

    /* U+0024 "$" */
    0x0, 0x1, 0x44, 0x40, 0x0, 0x0, 0x0, 0x5f,
    0xff, 0x0, 0x0, 0x1, 0xaf, 0xff, 0xfd, 0x60,
    0x0, 0xef, 0xff, 0xff, 0xff, 0x70, 0x7f, 0xff,
    0xcf, 0xef, 0xff, 0x9, 0xff, 0xe7, 0xf5, 0xff,
    0xf3, 0x6f, 0xff, 0xff, 0x40, 0x0, 0x0, 0xcf,
    0xff, 0xff, 0xd7, 0x0, 0x0, 0x7d, 0xff, 0xff,
    0xfa, 0x0, 0x11, 0x7, 0xfe, 0xff, 0xf3, 0xbf,
    0xfb, 0x7f, 0x3f, 0xff, 0x68, 0xff, 0xfd, 0xfa,
    0xff, 0xf5, 0x1e, 0xff, 0xff, 0xff, 0xfe, 0x0,
    0x1a, 0xff, 0xff, 0xfc, 0x20, 0x0, 0x5, 0xff,
    0xf1, 0x0, 0x0, 0x0, 0x28, 0x88, 0x0, 0x0,

    /* U+0025 "%" */
    0x1, 0xae, 0xfd, 0x70, 0x0, 0x3, 0xff, 0xf9,
    0x0, 0x0, 0x0, 0x1e, 0xff, 0xff, 0xfb, 0x0,
    0xb, 0xff, 0xf1, 0x0, 0x0, 0x0, 0x9f, 0xfe,
    0xbf, 0xff, 0x30, 0x4f, 0xff, 0x80, 0x0, 0x0,
    0x0, 0xcf, 0xf5, 0xa, 0xff, 0x60, 0xdf, 0xfe,
    0x15, 0x99, 0x60, 0x0, 0xbf, 0xf7, 0x1d, 0xff,
    0x56, 0xff, 0xf7, 0xcf, 0xff, 0xfe, 0x10, 0x6f,
    0xff, 0xff, 0xff, 0x1e, 0xff, 0xd8, 0xff, 0xff,
    0xff, 0xa0, 0xa, 0xff, 0xff, 0xf5, 0x7f, 0xff,
    0x5e, 0xff, 0x53, 0xff, 0xf0, 0x0, 0x49, 0xa8,
    0x21, 0xff, 0xfc, 0xf, 0xff, 0x0, 0xef, 0xf2,
    0x0, 0x0, 0x0, 0x9, 0xff, 0xf3, 0xf, 0xff,
    0x20, 0xff, 0xf1, 0x0, 0x0, 0x0, 0x2f, 0xff,
    0xa0, 0xb, 0xff, 0xdd, 0xff, 0xc0, 0x0, 0x0,
    0x0, 0xaf, 0xff, 0x20, 0x2, 0xff, 0xff, 0xff,
    0x30, 0x0, 0x0, 0x3, 0xff, 0xf9, 0x0, 0x0,
    0x2b, 0xff, 0xc3, 0x0,

    /* U+0026 "&" */
    0x0, 0x3, 0x8a, 0xa8, 0x30, 0x0, 0x0, 0x9,
    0xff, 0xff, 0xff, 0x70, 0x0, 0x4, 0xff, 0xff,
    0xff, 0xff, 0x10, 0x0, 0x9f, 0xfd, 0x12, 0xff,
    0xf4, 0x0, 0x8, 0xff, 0xd0, 0x1f, 0xff, 0x40,
    0x0, 0x3f, 0xff, 0xae, 0xff, 0xf1, 0x0, 0x0,
    0x9f, 0xff, 0xff, 0xf5, 0x0, 0x0, 0x4e, 0xff,
    0xff, 0xe3, 0x79, 0x92, 0x3f, 0xff, 0xff, 0xff,
    0x8e, 0xff, 0x2a, 0xff, 0xf5, 0xbf, 0xff, 0xff,
    0xf0, 0xcf, 0xfd, 0x0, 0xaf, 0xff, 0xfb, 0x9,
    0xff, 0xfe, 0xbd, 0xff, 0xff, 0xb0, 0x1e, 0xff,
    0xff, 0xff, 0xff, 0xff, 0x40, 0x17, 0xce, 0xfe,
    0xd8, 0x8f, 0x40, 0x0, 0x0, 0x0, 0x0, 0x0,
    0x10, 0x0,

    /* U+0027 "'" */
    0x8a, 0xa6, 0xcf, 0xf9, 0xcf, 0xf9, 0xcf, 0xf9,
    0xcf, 0xf9,

    /* U+0028 "(" */
    0x0, 0xbf, 0xfa, 0x0, 0x6f, 0xff, 0x10, 0xd,
    0xff, 0x90, 0x3, 0xff, 0xf4, 0x0, 0x7f, 0xff,
    0x0, 0x8, 0xff, 0xe0, 0x0, 0x9f, 0xfd, 0x0,
    0x8, 0xff, 0xe0, 0x0, 0x6f, 0xff, 0x0, 0x2,
    0xff, 0xf4, 0x0, 0xd, 0xff, 0x90, 0x0, 0x6f,
    0xff, 0x10, 0x0, 0xbf, 0xfa, 0x0,

    /* U+0029 ")" */
    0x9f, 0xfc, 0x0, 0xe, 0xff, 0x70, 0x8, 0xff,
    0xe0, 0x2, 0xff, 0xf4, 0x0, 0xef, 0xf8, 0x0,
    0xcf, 0xfa, 0x0, 0xcf, 0xfb, 0x0, 0xdf, 0xfa,
    0x0, 0xef, 0xf8, 0x2, 0xff, 0xf4, 0x8, 0xff,
    0xe0, 0xe, 0xff, 0x70, 0x9f, 0xfc, 0x0,

    /* U+002A "*" */
    0x0, 0xe, 0xfc, 0x0, 0x0, 0xb6, 0xdf, 0xa7,
    0x90, 0x6f, 0xff, 0xff, 0xff, 0x34, 0xbf, 0xff,
    0xff, 0x92, 0x3a, 0xff, 0xff, 0xe8, 0x26, 0xff,
    0xff, 0xff, 0xf3, 0xc, 0x7d, 0xfb, 0x8a, 0x0,
    0x0, 0xff, 0xd0, 0x0,

    /* U+002B "+" */
    0x0, 0xc, 0xff, 0x90, 0x0, 0x0, 0xc, 0xff,
    0x90, 0x0, 0x0, 0xc, 0xff, 0x90, 0x0, 0xcf,
    0xff, 0xff, 0xff, 0xf9, 0xcf, 0xff, 0xff, 0xff,
    0xf9, 0xae, 0xef, 0xff, 0xfe, 0xe8, 0x0, 0xc,
    0xff, 0x90, 0x0, 0x0, 0xc, 0xff, 0x90, 0x0,
    0x0, 0xc, 0xff, 0x90, 0x0,

    /* U+002C "," */
    0x1, 0x10, 0xbf, 0xfb, 0xbf, 0xfb, 0xbf, 0xfa,
    0x0, 0xf9, 0x6, 0xe2, 0x0, 0x10,

    /* U+002D "-" */
    0xae, 0xee, 0xee, 0xee, 0x6c, 0xff, 0xff, 0xff,
    0xf7, 0xcf, 0xff, 0xff, 0xff, 0x70,

    /* U+002E "." */
    0x1, 0x10, 0xcf, 0xf9, 0xcf, 0xf9, 0xcf, 0xf9,

    /* U+002F "/" */
    0x0, 0x0, 0x7f, 0xff, 0x10, 0x0, 0xc, 0xff,
    0xb0, 0x0, 0x1, 0xff, 0xf6, 0x0, 0x0, 0x6f,
    0xff, 0x20, 0x0, 0xb, 0xff, 0xc0, 0x0, 0x0,
    0xff, 0xf7, 0x0, 0x0, 0x5f, 0xff, 0x20, 0x0,
    0xa, 0xff, 0xd0, 0x0, 0x0, 0xff, 0xf8, 0x0,
    0x0, 0x4f, 0xff, 0x30, 0x0, 0x9, 0xff, 0xe0,
    0x0, 0x0, 0xef, 0xf9, 0x0, 0x0,

    /* U+0030 "0" */
    0x0, 0x4b, 0xef, 0xea, 0x20, 0x0, 0x7f, 0xff,
    0xff, 0xff, 0x40, 0x3f, 0xff, 0xff, 0xff, 0xfe,
    0x19, 0xff, 0xf4, 0x6, 0xff, 0xf6, 0xdf, 0xf9,
    0x0, 0xd, 0xff, 0xaf, 0xff, 0x70, 0x0, 0xaf,
    0xfc, 0xff, 0xf7, 0x0, 0xa, 0xff, 0xcd, 0xff,
    0x90, 0x0, 0xdf, 0xfa, 0x9f, 0xff, 0x40, 0x6f,
    0xff, 0x63, 0xff, 0xff, 0xff, 0xff, 0xf1, 0x7,
    0xff, 0xff, 0xff, 0xf5, 0x0, 0x4, 0xbe, 0xfe,
    0xa3, 0x0,

    /* U+0031 "1" */
    0x0, 0x2, 0xef, 0xfc, 0x3, 0x8f, 0xff, 0xfc,
    0x3f, 0xff, 0xff, 0xfc, 0x3f, 0xfe, 0xcf, 0xfc,
    0x29, 0x50, 0x9f, 0xfc, 0x0, 0x0, 0x9f, 0xfc,
    0x0, 0x0, 0x9f, 0xfc, 0x0, 0x0, 0x9f, 0xfc,
    0x0, 0x0, 0x9f, 0xfc, 0x0, 0x0, 0x9f, 0xfc,
    0x0, 0x0, 0x9f, 0xfc, 0x0, 0x0, 0x9f, 0xfc,

    /* U+0032 "2" */
    0x0, 0x8, 0xdf, 0xfd, 0x92, 0x0, 0x0, 0xdf,
    0xff, 0xff, 0xff, 0x30, 0x8, 0xff, 0xf9, 0x8f,
    0xff, 0xc0, 0xd, 0xff, 0xa0, 0x8, 0xff, 0xf0,
    0x8, 0x99, 0x40, 0xa, 0xff, 0xd0, 0x0, 0x0,
    0x0, 0x9f, 0xff, 0x60, 0x0, 0x0, 0x4e, 0xff,
    0xf8, 0x0, 0x0, 0x8, 0xff, 0xfd, 0x40, 0x0,
    0x0, 0x9f, 0xff, 0x70, 0x0, 0x0, 0x5, 0xff,
    0xff, 0xdd, 0xdd, 0xd0, 0xd, 0xff, 0xff, 0xff,
    0xff, 0xf1, 0xf, 0xff, 0xff, 0xff, 0xff, 0xf1,

    /* U+0033 "3" */
    0x0, 0x17, 0xce, 0xfe, 0xa3, 0x0, 0x1, 0xef,
    0xff, 0xff, 0xff, 0x50, 0x9, 0xff, 0xfc, 0xbf,
    0xff, 0xc0, 0xd, 0xff, 0xa0, 0x8, 0xff, 0xd0,
    0x0, 0x0, 0x24, 0x6e, 0xff, 0x80, 0x0, 0x0,
    0x8f, 0xff, 0xfa, 0x0, 0x0, 0x0, 0x8f, 0xff,
    0xff, 0x40, 0x0, 0x0, 0x0, 0x1b, 0xff, 0xd0,
    0xf, 0xff, 0x70, 0x8, 0xff, 0xf0, 0xc, 0xff,
    0xfb, 0xbf, 0xff, 0xe0, 0x3, 0xff, 0xff, 0xff,
    0xff, 0x60, 0x0, 0x18, 0xdf, 0xfe, 0xa4, 0x0,

    /* U+0034 "4" */
    0x0, 0x0, 0x3, 0xff, 0xff, 0x70, 0x0, 0x0,
    0x1, 0xef, 0xff, 0xf7, 0x0, 0x0, 0x0, 0xaf,
    0xff, 0xff, 0x70, 0x0, 0x0, 0x6f, 0xfe, 0xff,
    0xf7, 0x0, 0x0, 0x2f, 0xff, 0x5f, 0xff, 0x70,
    0x0, 0xd, 0xff, 0x90, 0xff, 0xf7, 0x0, 0x9,
    0xff, 0xd0, 0xf, 0xff, 0x70, 0x1, 0xff, 0xfe,
    0xee, 0xff, 0xfe, 0xe1, 0x1f, 0xff, 0xff, 0xff,
    0xff, 0xff, 0x11, 0xff, 0xff, 0xff, 0xff, 0xff,
    0xf1, 0x0, 0x0, 0x0, 0xf, 0xff, 0x70, 0x0,
    0x0, 0x0, 0x0, 0xff, 0xf7, 0x0,

    /* U+0035 "5" */
    0x8, 0xff, 0xff, 0xff, 0xff, 0xc0, 0x9, 0xff,
    0xff, 0xff, 0xff, 0xc0, 0xa, 0xff, 0xeb, 0xbb,
    0xbb, 0x80, 0xb, 0xff, 0xed, 0xfe, 0xa3, 0x0,
    0xc, 0xff, 0xff, 0xff, 0xff, 0x30, 0xd, 0xff,
    0xf9, 0x8f, 0xff, 0xc0, 0x2, 0x33, 0x10, 0x8,
    0xff, 0xf0, 0x9, 0x99, 0x40, 0x5, 0xff, 0xf1,
    0xe, 0xff, 0xb0, 0x9, 0xff, 0xf0, 0x9, 0xff,
    0xfd, 0xdf, 0xff, 0xb0, 0x1, 0xdf, 0xff, 0xff,
    0xff, 0x30, 0x0, 0x7, 0xce, 0xfe, 0xa2, 0x0,

    /* U+0036 "6" */
    0x0, 0x2a, 0xef, 0xe9, 0x10, 0x0, 0x5f, 0xff,
    0xff, 0xff, 0x20, 0x1f, 0xff, 0xfd, 0xff, 0xfd,
    0x8, 0xff, 0xf2, 0x4, 0xbb, 0xb1, 0xcf, 0xfb,
    0xae, 0xfd, 0x50, 0xe, 0xff, 0xff, 0xff, 0xff,
    0x70, 0xff, 0xff, 0xfd, 0xff, 0xff, 0x1e, 0xff,
    0xe1, 0x4, 0xff, 0xf5, 0xbf, 0xfe, 0x10, 0x4f,
    0xff, 0x45, 0xff, 0xff, 0xdf, 0xff, 0xf1, 0xa,
    0xff, 0xff, 0xff, 0xf7, 0x0, 0x6, 0xcf, 0xfe,
    0xb4, 0x0,

    /* U+0037 "7" */
    0xf, 0xff, 0xff, 0xff, 0xff, 0x10, 0xff, 0xff,
    0xff, 0xff, 0xf1, 0xe, 0xee, 0xee, 0xef, 0xff,
    0x0, 0x0, 0x0, 0xb, 0xff, 0xa0, 0x0, 0x0,
    0x6, 0xff, 0xe1, 0x0, 0x0, 0x0, 0xff, 0xf5,
    0x0, 0x0, 0x0, 0x7f, 0xfd, 0x0, 0x0, 0x0,
    0xe, 0xff, 0x70, 0x0, 0x0, 0x3, 0xff, 0xf2,
    0x0, 0x0, 0x0, 0x7f, 0xfe, 0x0, 0x0, 0x0,
    0xa, 0xff, 0xb0, 0x0, 0x0, 0x0, 0xcf, 0xf9,
    0x0, 0x0,

    /* U+0038 "8" */
    0x0, 0x7, 0xdf, 0xfd, 0xa3, 0x0, 0x1, 0xef,
    0xff, 0xff, 0xff, 0x50, 0x9, 0xff, 0xfa, 0x9e,
    0xff, 0xe0, 0xc, 0xff, 0xa0, 0x5, 0xff, 0xf1,
    0xa, 0xff, 0xd2, 0x1a, 0xff, 0xe0, 0x2, 0xef,
    0xff, 0xff, 0xff, 0x50, 0x5, 0xff, 0xff, 0xff,
    0xff, 0xb0, 0xe, 0xff, 0xc1, 0x7, 0xff, 0xf3,
    0xf, 0xff, 0x80, 0x3, 0xff, 0xf4, 0xc, 0xff,
    0xfa, 0x9e, 0xff, 0xf1, 0x3, 0xef, 0xff, 0xff,
    0xff, 0x60, 0x0, 0x18, 0xce, 0xfd, 0xa3, 0x0,

    /* U+0039 "9" */
    0x0, 0x29, 0xdf, 0xfc, 0x70, 0x0, 0x3, 0xff,
    0xff, 0xff, 0xfc, 0x0, 0xb, 0xff, 0xfd, 0xef,
    0xff, 0x90, 0xf, 0xff, 0x90, 0xb, 0xff, 0xf0,
    0xf, 0xff, 0xa0, 0x2d, 0xff, 0xf2, 0xc, 0xff,
    0xff, 0xff, 0xff, 0xf4, 0x3, 0xff, 0xff, 0xff,
    0xff, 0xf3, 0x0, 0x18, 0xbc, 0x86, 0xff, 0xf2,
    0xb, 0xee, 0x90, 0xb, 0xff, 0xe0, 0x8, 0xff,
    0xfd, 0xef, 0xff, 0x80, 0x0, 0xcf, 0xff, 0xff,
    0xfd, 0x0, 0x0, 0x7, 0xdf, 0xfd, 0x81, 0x0,

    /* U+003A ":" */
    0xcf, 0xf9, 0xcf, 0xf9, 0xcf, 0xf9, 0x1, 0x10,
    0x0, 0x0, 0x1, 0x10, 0xcf, 0xf9, 0xcf, 0xf9,
    0xcf, 0xf9,

    /* U+003B ";" */
    0xbf, 0xfb, 0xbf, 0xfb, 0xbf, 0xfb, 0x1, 0x10,
    0x0, 0x0, 0x1, 0x10, 0xbf, 0xfb, 0xbf, 0xfb,
    0xbf, 0xfa, 0x0, 0xf9, 0x6, 0xe2, 0x0, 0x10,

    /* U+003C "<" */
    0x0, 0x0, 0x0, 0x2, 0x7b, 0x0, 0x0, 0x3,
    0x8d, 0xff, 0xf0, 0x15, 0xae, 0xff, 0xff, 0xff,
    0xc, 0xff, 0xff, 0xff, 0xfe, 0x90, 0xcf, 0xff,
    0xfb, 0x62, 0x0, 0xc, 0xff, 0xfa, 0x61, 0x0,
    0x0, 0xcf, 0xff, 0xff, 0xfd, 0x95, 0x4, 0x9e,
    0xff, 0xff, 0xff, 0xf0, 0x0, 0x3, 0x8d, 0xff,
    0xff, 0x0, 0x0, 0x0, 0x1, 0x6b, 0xf0, 0x0,
    0x0, 0x0, 0x0, 0x0, 0x0,

    /* U+003D "=" */
    0xcf, 0xff, 0xff, 0xff, 0x8c, 0xff, 0xff, 0xff,
    0xf8, 0xad, 0xdd, 0xdd, 0xdd, 0x60, 0x0, 0x0,
    0x0, 0x0, 0x0, 0x0, 0x0, 0x0, 0xc, 0xff,
    0xff, 0xff, 0xf8, 0xcf, 0xff, 0xff, 0xff, 0x8a,
    0xee, 0xee, 0xee, 0xe7,

    /* U+003E ">" */
    0x98, 0x30, 0x0, 0x0, 0x0, 0xc, 0xff, 0xea,
    0x50, 0x0, 0x0, 0xcf, 0xff, 0xff, 0xfb, 0x62,
    0x7, 0xdf, 0xff, 0xff, 0xff, 0xf0, 0x0, 0x15,
    0xae, 0xff, 0xff, 0x0, 0x0, 0x15, 0x9f, 0xff,
    0xf0, 0x38, 0xcf, 0xff, 0xff, 0xff, 0xc, 0xff,
    0xff, 0xff, 0xfa, 0x50, 0xcf, 0xff, 0xe9, 0x40,
    0x0, 0xc, 0xd8, 0x30, 0x0, 0x0, 0x0, 0x10,
    0x0, 0x0, 0x0, 0x0, 0x0,

    /* U+003F "?" */
    0x0, 0x4, 0x67, 0x52, 0x0, 0x0, 0x4e, 0xff,
    0xff, 0xfa, 0x0, 0x2f, 0xff, 0xff, 0xff, 0xfa,
    0x9, 0xff, 0xf3, 0x1c, 0xff, 0xf0, 0xbf, 0xfa,
    0x0, 0x7f, 0xff, 0x0, 0x11, 0x0, 0xa, 0xff,
    0xc0, 0x0, 0x0, 0x6, 0xff, 0xf4, 0x0, 0x0,
    0x6, 0xff, 0xf7, 0x0, 0x0, 0x1, 0xff, 0xf9,
    0x0, 0x0, 0x0, 0x6f, 0xff, 0x10, 0x0, 0x0,
    0x2, 0x44, 0x40, 0x0, 0x0, 0x0, 0x5a, 0xa9,
    0x0, 0x0, 0x0, 0x8, 0xff, 0xd0, 0x0, 0x0,
    0x0, 0x8f, 0xfd, 0x0, 0x0,

    /* U+0040 "@" */
    0x0, 0x0, 0x28, 0xce, 0xfe, 0xc8, 0x20, 0x0,
    0x0, 0x0, 0x9f, 0xff, 0xff, 0xff, 0xff, 0x90,
    0x0, 0x0, 0xcf, 0xff, 0xfc, 0xac, 0xff, 0xff,
    0xc0, 0x0, 0x9f, 0xff, 0x80, 0x0, 0x0, 0x8f,
    0xff, 0x80, 0x1f, 0xff, 0x61, 0xaf, 0xdd, 0xff,
    0xaf, 0xff, 0x16, 0xff, 0xd0, 0xcf, 0xff, 0xff,
    0xf3, 0xef, 0xf5, 0xaf, 0xf7, 0x3f, 0xfd, 0x7f,
    0xff, 0x2a, 0xff, 0x7b, 0xff, 0x56, 0xff, 0x60,
    0xaf, 0xf2, 0x8f, 0xf8, 0xbf, 0xf5, 0x6f, 0xf5,
    0x9, 0xff, 0x29, 0xff, 0x7a, 0xff, 0x84, 0xff,
    0xa1, 0xdf, 0xf4, 0xcf, 0xf4, 0x6f, 0xfd, 0xe,
    0xff, 0xff, 0xff, 0xff, 0xfe, 0x1, 0xff, 0xf7,
    0x4e, 0xff, 0xef, 0xff, 0xff, 0x40, 0x8, 0xff,
    0xf9, 0x35, 0x40, 0x6c, 0xff, 0xa2, 0x0, 0xb,
    0xff, 0xff, 0xcb, 0xbc, 0xff, 0xff, 0xd1, 0x0,
    0x8, 0xff, 0xff, 0xff, 0xff, 0xff, 0x90, 0x0,
    0x0, 0x1, 0x7b, 0xef, 0xfd, 0xb7, 0x10, 0x0,

    /* U+0041 "A" */
    0x0, 0x0, 0xef, 0xff, 0xd0, 0x0, 0x0, 0x0,
    0x3f, 0xff, 0xff, 0x30, 0x0, 0x0, 0x9, 0xff,
    0xff, 0xf8, 0x0, 0x0, 0x0, 0xef, 0xfc, 0xff,
    0xd0, 0x0, 0x0, 0x4f, 0xff, 0x3f, 0xff, 0x20,
    0x0, 0xa, 0xff, 0xb0, 0xdf, 0xf8, 0x0, 0x0,
    0xff, 0xf6, 0x8, 0xff, 0xd0, 0x0, 0x5f, 0xff,
    0xff, 0xff, 0xff, 0x20, 0xb, 0xff, 0xff, 0xff,
    0xff, 0xf8, 0x1, 0xff, 0xfe, 0xdd, 0xde, 0xff,
    0xd0, 0x6f, 0xff, 0x20, 0x0, 0x5f, 0xff, 0x2b,
    0xff, 0xc0, 0x0, 0x1, 0xff, 0xf7,

    /* U+0042 "B" */
    0xef, 0xff, 0xff, 0xed, 0x80, 0xe, 0xff, 0xff,
    0xff, 0xff, 0xb0, 0xef, 0xfd, 0xbb, 0xff, 0xff,
    0x1e, 0xff, 0x70, 0x5, 0xff, 0xf2, 0xef, 0xfc,
    0xaa, 0xef, 0xfd, 0xe, 0xff, 0xff, 0xff, 0xff,
    0x30, 0xef, 0xff, 0xff, 0xff, 0xfc, 0xe, 0xff,
    0x70, 0x3, 0xff, 0xf5, 0xef, 0xf7, 0x0, 0xf,
    0xff, 0x7e, 0xff, 0xdb, 0xbe, 0xff, 0xf5, 0xef,
    0xff, 0xff, 0xff, 0xfe, 0xe, 0xff, 0xff, 0xff,
    0xd9, 0x10,

    /* U+0043 "C" */
    0x0, 0x7, 0xce, 0xfe, 0xb4, 0x0, 0x0, 0x2e,
    0xff, 0xff, 0xff, 0xfa, 0x0, 0xe, 0xff, 0xff,
    0xff, 0xff, 0xf8, 0x7, 0xff, 0xf9, 0x10, 0x3d,
    0xff, 0xf0, 0xcf, 0xfd, 0x0, 0x0, 0x4e, 0xee,
    0x3e, 0xff, 0x90, 0x0, 0x0, 0x0, 0x0, 0xef,
    0xf9, 0x0, 0x0, 0x1, 0x11, 0xc, 0xff, 0xd0,
    0x0, 0x4, 0xff, 0xf3, 0x7f, 0xff, 0x91, 0x3,
    0xdf, 0xff, 0x0, 0xdf, 0xff, 0xff, 0xff, 0xff,
    0x70, 0x2, 0xdf, 0xff, 0xff, 0xff, 0xa0, 0x0,
    0x0, 0x7c, 0xef, 0xeb, 0x50, 0x0,

    /* U+0044 "D" */
    0xef, 0xff, 0xff, 0xda, 0x40, 0x0, 0xef, 0xff,
    0xff, 0xff, 0xf9, 0x0, 0xef, 0xfe, 0xef, 0xff,
    0xff, 0x60, 0xef, 0xf7, 0x0, 0x5f, 0xff, 0xd0,
    0xef, 0xf7, 0x0, 0x8, 0xff, 0xf1, 0xef, 0xf7,
    0x0, 0x5, 0xff, 0xf2, 0xef, 0xf7, 0x0, 0x5,
    0xff, 0xf2, 0xef, 0xf7, 0x0, 0x8, 0xff, 0xf1,
    0xef, 0xf7, 0x0, 0x5f, 0xff, 0xd0, 0xef, 0xfe,
    0xdf, 0xff, 0xff, 0x60, 0xef, 0xff, 0xff, 0xff,
    0xf9, 0x0, 0xef, 0xff, 0xff, 0xda, 0x40, 0x0,

    /* U+0045 "E" */
    0xef, 0xff, 0xff, 0xff, 0xf2, 0xef, 0xff, 0xff,
    0xff, 0xf2, 0xef, 0xfd, 0xbb, 0xbb, 0xb1, 0xef,
    0xf7, 0x0, 0x0, 0x0, 0xef, 0xfd, 0xaa, 0xaa,
    0x80, 0xef, 0xff, 0xff, 0xff, 0xd0, 0xef, 0xff,
    0xff, 0xff, 0xd0, 0xef, 0xf7, 0x0, 0x0, 0x0,
    0xef, 0xf7, 0x0, 0x0, 0x0, 0xef, 0xfd, 0xbb,
    0xbb, 0xb2, 0xef, 0xff, 0xff, 0xff, 0xf3, 0xef,
    0xff, 0xff, 0xff, 0xf3,

    /* U+0046 "F" */
    0xef, 0xff, 0xff, 0xff, 0xf2, 0xef, 0xff, 0xff,
    0xff, 0xf2, 0xef, 0xfd, 0xbb, 0xbb, 0xb1, 0xef,
    0xf7, 0x0, 0x0, 0x0, 0xef, 0xf7, 0x0, 0x0,
    0x0, 0xef, 0xff, 0xff, 0xff, 0xb0, 0xef, 0xff,
    0xff, 0xff, 0xb0, 0xef, 0xfd, 0xbb, 0xbb, 0x80,
    0xef, 0xf7, 0x0, 0x0, 0x0, 0xef, 0xf7, 0x0,
    0x0, 0x0, 0xef, 0xf7, 0x0, 0x0, 0x0, 0xef,
    0xf7, 0x0, 0x0, 0x0,

    /* U+0047 "G" */
    0x0, 0x7, 0xce, 0xfe, 0xb6, 0x0, 0x0, 0x2e,
    0xff, 0xff, 0xff, 0xfd, 0x10, 0xe, 0xff, 0xff,
    0xef, 0xff, 0xfb, 0x7, 0xff, 0xf9, 0x0, 0x1b,
    0xff, 0xf1, 0xcf, 0xfd, 0x0, 0x0, 0x15, 0x55,
    0x1e, 0xff, 0x90, 0x7f, 0xff, 0xff, 0xf4, 0xef,
    0xf9, 0x7, 0xff, 0xff, 0xff, 0x4c, 0xff, 0xc0,
    0x49, 0x9b, 0xff, 0xf4, 0x8f, 0xff, 0x70, 0x0,
    0xaf, 0xff, 0x41, 0xff, 0xff, 0xdb, 0xef, 0xff,
    0xf4, 0x4, 0xff, 0xff, 0xff, 0xff, 0xff, 0x40,
    0x1, 0x8d, 0xff, 0xd9, 0xbf, 0xf4,

    /* U+0048 "H" */
    0xef, 0xf7, 0x0, 0x8, 0xff, 0xde, 0xff, 0x70,
    0x0, 0x8f, 0xfd, 0xef, 0xf7, 0x0, 0x8, 0xff,
    0xde, 0xff, 0x70, 0x0, 0x8f, 0xfd, 0xef, 0xfe,
    0xdd, 0xde, 0xff, 0xde, 0xff, 0xff, 0xff, 0xff,
    0xfd, 0xef, 0xff, 0xff, 0xff, 0xff, 0xde, 0xff,
    0x70, 0x0, 0x8f, 0xfd, 0xef, 0xf7, 0x0, 0x8,
    0xff, 0xde, 0xff, 0x70, 0x0, 0x8f, 0xfd, 0xef,
    0xf7, 0x0, 0x8, 0xff, 0xde, 0xff, 0x70, 0x0,
    0x8f, 0xfd,

    /* U+0049 "I" */
    0xef, 0xf7, 0xef, 0xf7, 0xef, 0xf7, 0xef, 0xf7,
    0xef, 0xf7, 0xef, 0xf7, 0xef, 0xf7, 0xef, 0xf7,
    0xef, 0xf7, 0xef, 0xf7, 0xef, 0xf7, 0xef, 0xf7,

    /* U+004A "J" */
    0x0, 0x0, 0x0, 0xd, 0xff, 0x80, 0x0, 0x0,
    0x0, 0xdf, 0xf8, 0x0, 0x0, 0x0, 0xd, 0xff,
    0x80, 0x0, 0x0, 0x0, 0xdf, 0xf8, 0x0, 0x0,
    0x0, 0xd, 0xff, 0x80, 0x0, 0x0, 0x0, 0xdf,
    0xf8, 0x11, 0x10, 0x0, 0xd, 0xff, 0x8e, 0xff,
    0x80, 0x0, 0xff, 0xf7, 0xcf, 0xfd, 0x10, 0x7f,
    0xff, 0x47, 0xff, 0xff, 0xff, 0xff, 0xe0, 0xc,
    0xff, 0xff, 0xff, 0xf5, 0x0, 0x7, 0xcf, 0xfe,
    0xa3, 0x0,

    /* U+004B "K" */
    0xef, 0xf7, 0x0, 0xb, 0xff, 0xf3, 0xef, 0xf7,
    0x0, 0xbf, 0xff, 0x40, 0xef, 0xf7, 0xa, 0xff,
    0xf5, 0x0, 0xef, 0xf7, 0x8f, 0xff, 0x70, 0x0,
    0xef, 0xfd, 0xff, 0xfa, 0x0, 0x0, 0xef, 0xff,
    0xff, 0xfe, 0x10, 0x0, 0xef, 0xff, 0xff, 0xff,
    0x90, 0x0, 0xef, 0xff, 0xb6, 0xff, 0xf2, 0x0,
    0xef, 0xfd, 0x0, 0xdf, 0xfb, 0x0, 0xef, 0xf7,
    0x0, 0x4f, 0xff, 0x50, 0xef, 0xf7, 0x0, 0xb,
    0xff, 0xe0, 0xef, 0xf7, 0x0, 0x2, 0xff, 0xf8,

    /* U+004C "L" */
    0xef, 0xf7, 0x0, 0x0, 0xe, 0xff, 0x70, 0x0,
    0x0, 0xef, 0xf7, 0x0, 0x0, 0xe, 0xff, 0x70,
    0x0, 0x0, 0xef, 0xf7, 0x0, 0x0, 0xe, 0xff,
    0x70, 0x0, 0x0, 0xef, 0xf7, 0x0, 0x0, 0xe,
    0xff, 0x70, 0x0, 0x0, 0xef, 0xf7, 0x0, 0x0,
    0xe, 0xff, 0xed, 0xdd, 0xdc, 0xef, 0xff, 0xff,
    0xff, 0xee, 0xff, 0xff, 0xff, 0xfe,

    /* U+004D "M" */
    0xef, 0xff, 0xf9, 0x0, 0x9, 0xff, 0xff, 0xee,
    0xff, 0xff, 0xd0, 0x0, 0xdf, 0xff, 0xfe, 0xef,
    0xff, 0xff, 0x10, 0x1f, 0xff, 0xff, 0xee, 0xff,
    0xff, 0xf4, 0x4, 0xff, 0xff, 0xfe, 0xef, 0xfb,
    0xff, 0x80, 0x8f, 0xfb, 0xff, 0xee, 0xff, 0x7f,
    0xfb, 0xc, 0xff, 0x7f, 0xfe, 0xef, 0xf6, 0xcf,
    0xf0, 0xff, 0xc7, 0xff, 0xee, 0xff, 0x69, 0xff,
    0x6f, 0xf8, 0x7f, 0xfe, 0xef, 0xf6, 0x5f, 0xfd,
    0xff, 0x47, 0xff, 0xee, 0xff, 0x61, 0xff, 0xff,
    0xf1, 0x7f, 0xfe, 0xef, 0xf6, 0xd, 0xff, 0xfd,
    0x7, 0xff, 0xee, 0xff, 0x60, 0x9f, 0xff, 0x90,
    0x7f, 0xfe,

    /* U+004E "N" */
    0xef, 0xff, 0xd0, 0x0, 0xaf, 0xfb, 0xef, 0xff,
    0xf5, 0x0, 0xaf, 0xfb, 0xef, 0xff, 0xfc, 0x0,
    0xaf, 0xfb, 0xef, 0xff, 0xff, 0x40, 0xaf, 0xfb,
    0xef, 0xfc, 0xff, 0xb0, 0xaf, 0xfb, 0xef, 0xf7,
    0xdf, 0xf3, 0xaf, 0xfb, 0xef, 0xf7, 0x6f, 0xfa,
    0xaf, 0xfb, 0xef, 0xf7, 0xe, 0xff, 0xcf, 0xfb,
    0xef, 0xf7, 0x7, 0xff, 0xff, 0xfb, 0xef, 0xf7,
    0x0, 0xff, 0xff, 0xfb, 0xef, 0xf7, 0x0, 0x8f,
    0xff, 0xfb, 0xef, 0xf7, 0x0, 0x1f, 0xff, 0xfb,

    /* U+004F "O" */
    0x0, 0x7, 0xce, 0xfe, 0xb5, 0x0, 0x0, 0x2d,
    0xff, 0xff, 0xff, 0xfb, 0x0, 0xe, 0xff, 0xff,
    0xff, 0xff, 0xf9, 0x7, 0xff, 0xfa, 0x10, 0x3d,
    0xff, 0xf2, 0xcf, 0xfd, 0x0, 0x0, 0x3f, 0xff,
    0x6e, 0xff, 0x90, 0x0, 0x0, 0xef, 0xf8, 0xef,
    0xf9, 0x0, 0x0, 0xe, 0xff, 0x8c, 0xff, 0xd0,
    0x0, 0x3, 0xff, 0xf6, 0x7f, 0xff, 0x91, 0x3,
    0xdf, 0xff, 0x20, 0xef, 0xff, 0xff, 0xff, 0xff,
    0x90, 0x2, 0xef, 0xff, 0xff, 0xff, 0xb0, 0x0,
    0x0, 0x7c, 0xff, 0xeb, 0x50, 0x0,

    /* U+0050 "P" */
    0xef, 0xff, 0xff, 0xec, 0x81, 0xe, 0xff, 0xff,
    0xff, 0xff, 0xe2, 0xef, 0xfe, 0xee, 0xff, 0xff,
    0xae, 0xff, 0x70, 0x1, 0xdf, 0xfe, 0xef, 0xf7,
    0x0, 0x8, 0xff, 0xfe, 0xff, 0x70, 0x1, 0xdf,
    0xfe, 0xef, 0xfe, 0xdd, 0xff, 0xff, 0xae, 0xff,
    0xff, 0xff, 0xff, 0xe2, 0xef, 0xff, 0xff, 0xec,
    0x81, 0xe, 0xff, 0x70, 0x0, 0x0, 0x0, 0xef,
    0xf7, 0x0, 0x0, 0x0, 0xe, 0xff, 0x70, 0x0,
    0x0, 0x0,

    /* U+0051 "Q" */
    0x0, 0x6, 0xce, 0xfe, 0xa4, 0x0, 0x0, 0x2d,
    0xff, 0xff, 0xff, 0xfa, 0x0, 0xd, 0xff, 0xff,
    0xff, 0xff, 0xf8, 0x6, 0xff, 0xfa, 0x10, 0x3d,
    0xff, 0xf1, 0xbf, 0xfe, 0x0, 0x0, 0x4f, 0xff,
    0x6d, 0xff, 0xa0, 0x0, 0x0, 0xff, 0xf8, 0xef,
    0xf9, 0x0, 0x0, 0xe, 0xff, 0x9c, 0xff, 0xb0,
    0x0, 0x0, 0xff, 0xf7, 0x9f, 0xff, 0x30, 0x0,
    0x8f, 0xff, 0x42, 0xff, 0xff, 0x87, 0xaf, 0xff,
    0xd0, 0x7, 0xff, 0xff, 0xff, 0xff, 0xf3, 0x0,
    0x6, 0xef, 0xff, 0xff, 0xd3, 0x0, 0x0, 0x0,
    0x5f, 0xff, 0xa0, 0x0, 0x0, 0x0, 0x0, 0xef,
    0xff, 0xfd, 0xd4, 0x0, 0x0, 0x5, 0xff, 0xff,
    0xff, 0x40, 0x0, 0x0, 0x3, 0xad, 0xff, 0xf4,

    /* U+0052 "R" */
    0xef, 0xff, 0xff, 0xfd, 0x93, 0x0, 0xef, 0xff,
    0xff, 0xff, 0xff, 0x40, 0xef, 0xfe, 0xee, 0xff,
    0xff, 0xc0, 0xef, 0xf7, 0x0, 0xb, 0xff, 0xe0,
    0xef, 0xf7, 0x0, 0xb, 0xff, 0xe0, 0xef, 0xfe,
    0xdd, 0xff, 0xff, 0xb0, 0xef, 0xff, 0xff, 0xff,
    0xff, 0x30, 0xef, 0xff, 0xff, 0xff, 0xff, 0x30,
    0xef, 0xf7, 0x0, 0x3e, 0xff, 0x80, 0xef, 0xf7,
    0x0, 0xa, 0xff, 0x90, 0xef, 0xf7, 0x0, 0x9,
    0xff, 0xa0, 0xef, 0xf7, 0x0, 0x5, 0xff, 0xe0,

    /* U+0053 "S" */
    0x1, 0x7c, 0xef, 0xea, 0x40, 0x1, 0xef, 0xff,
    0xff, 0xff, 0x80, 0x9f, 0xff, 0xba, 0xef, 0xff,
    0x3b, 0xff, 0xb0, 0x1, 0xff, 0xf8, 0x9f, 0xff,
    0xa4, 0x11, 0x11, 0x11, 0xdf, 0xff, 0xff, 0xd8,
    0x10, 0x0, 0x6a, 0xef, 0xff, 0xfe, 0x22, 0x33,
    0x10, 0x28, 0xff, 0xf8, 0xdf, 0xfb, 0x0, 0xc,
    0xff, 0xb8, 0xff, 0xfc, 0x9b, 0xff, 0xf9, 0xc,
    0xff, 0xff, 0xff, 0xfe, 0x10, 0x6, 0xbe, 0xfe,
    0xc8, 0x10,

    /* U+0054 "T" */
    0xef, 0xff, 0xff, 0xff, 0xff, 0xf6, 0xef, 0xff,
    0xff, 0xff, 0xff, 0xf6, 0xce, 0xee, 0xff, 0xfe,
    0xee, 0xe5, 0x0, 0x0, 0xff, 0xf6, 0x0, 0x0,
    0x0, 0x0, 0xff, 0xf6, 0x0, 0x0, 0x0, 0x0,
    0xff, 0xf6, 0x0, 0x0, 0x0, 0x0, 0xff, 0xf6,
    0x0, 0x0, 0x0, 0x0, 0xff, 0xf6, 0x0, 0x0,
    0x0, 0x0, 0xff, 0xf6, 0x0, 0x0, 0x0, 0x0,
    0xff, 0xf6, 0x0, 0x0, 0x0, 0x0, 0xff, 0xf6,
    0x0, 0x0, 0x0, 0x0, 0xff, 0xf6, 0x0, 0x0,

    /* U+0055 "U" */
    0xef, 0xf7, 0x0, 0x5, 0xff, 0xf0, 0xef, 0xf7,
    0x0, 0x5, 0xff, 0xf0, 0xef, 0xf7, 0x0, 0x5,
    0xff, 0xf0, 0xef, 0xf7, 0x0, 0x5, 0xff, 0xf0,
    0xef, 0xf7, 0x0, 0x5, 0xff, 0xf0, 0xef, 0xf7,
    0x0, 0x5, 0xff, 0xf0, 0xef, 0xf7, 0x0, 0x5,
    0xff, 0xf0, 0xdf, 0xf9, 0x0, 0x7, 0xff, 0xf0,
    0xbf, 0xfe, 0x30, 0x2e, 0xff, 0xc0, 0x5f, 0xff,
    0xff, 0xff, 0xff, 0x70, 0xa, 0xff, 0xff, 0xff,
    0xfb, 0x0, 0x0, 0x6b, 0xef, 0xec, 0x60, 0x0,

    /* U+0056 "V" */
    0xcf, 0xfc, 0x0, 0x0, 0x1f, 0xff, 0x67, 0xff,
    0xf1, 0x0, 0x6, 0xff, 0xf1, 0x2f, 0xff, 0x50,
    0x0, 0xbf, 0xfc, 0x0, 0xcf, 0xfa, 0x0, 0xf,
    0xff, 0x70, 0x7, 0xff, 0xf0, 0x5, 0xff, 0xf2,
    0x0, 0x2f, 0xff, 0x40, 0x9f, 0xfd, 0x0, 0x0,
    0xdf, 0xf9, 0xe, 0xff, 0x70, 0x0, 0x8, 0xff,
    0xe3, 0xff, 0xf2, 0x0, 0x0, 0x3f, 0xff, 0xbf,
    0xfd, 0x0, 0x0, 0x0, 0xef, 0xff, 0xff, 0x80,
    0x0, 0x0, 0x9, 0xff, 0xff, 0xf3, 0x0, 0x0,
    0x0, 0x4f, 0xff, 0xfe, 0x0, 0x0,

    /* U+0057 "W" */
    0xdf, 0xfa, 0x0, 0x7f, 0xff, 0xd0, 0x4, 0xff,
    0xf2, 0xaf, 0xfd, 0x0, 0xaf, 0xff, 0xf0, 0x7,
    0xff, 0xf0, 0x6f, 0xff, 0x0, 0xdf, 0xff, 0xf3,
    0xa, 0xff, 0xc0, 0x3f, 0xff, 0x20, 0xff, 0xff,
    0xf5, 0xd, 0xff, 0x90, 0xf, 0xff, 0x52, 0xff,
    0xdf, 0xf8, 0xf, 0xff, 0x60, 0xd, 0xff, 0x85,
    0xff, 0x7f, 0xfb, 0x2f, 0xff, 0x30, 0xa, 0xff,
    0xb8, 0xff, 0x3d, 0xfe, 0x5f, 0xff, 0x0, 0x7,
    0xff, 0xdb, 0xff, 0x1b, 0xff, 0x8f, 0xfc, 0x0,
    0x4, 0xff, 0xfe, 0xfe, 0x8, 0xff, 0xef, 0xf9,
    0x0, 0x0, 0xff, 0xff, 0xfb, 0x5, 0xff, 0xff,
    0xf6, 0x0, 0x0, 0xdf, 0xff, 0xf8, 0x2, 0xff,
    0xff, 0xf3, 0x0, 0x0, 0xaf, 0xff, 0xf5, 0x0,
    0xff, 0xff, 0xf0, 0x0,

    /* U+0058 "X" */
    0x6f, 0xff, 0x70, 0x0, 0x8f, 0xff, 0x50, 0xbf,
    0xff, 0x30, 0x3f, 0xff, 0xa0, 0x1, 0xef, 0xfd,
    0x1d, 0xff, 0xe1, 0x0, 0x4, 0xff, 0xfe, 0xff,
    0xf4, 0x0, 0x0, 0x8, 0xff, 0xff, 0xf8, 0x0,
    0x0, 0x0, 0xc, 0xff, 0xfc, 0x0, 0x0, 0x0,
    0x1, 0xef, 0xff, 0xc0, 0x0, 0x0, 0x0, 0xbf,
    0xff, 0xff, 0x80, 0x0, 0x0, 0x6f, 0xff, 0xdf,
    0xff, 0x40, 0x0, 0x2f, 0xff, 0xb0, 0xdf, 0xfe,
    0x10, 0xd, 0xff, 0xe1, 0x2, 0xff, 0xfb, 0x9,
    0xff, 0xf5, 0x0, 0x6, 0xff, 0xf7,

    /* U+0059 "Y" */
    0xaf, 0xfe, 0x0, 0x0, 0x4f, 0xff, 0x52, 0xff,
    0xf6, 0x0, 0xb, 0xff, 0xd0, 0x9, 0xff, 0xd0,
    0x2, 0xff, 0xf4, 0x0, 0x1f, 0xff, 0x50, 0xaf,
    0xfc, 0x0, 0x0, 0x9f, 0xfc, 0x2f, 0xff, 0x40,
    0x0, 0x1, 0xff, 0xfc, 0xff, 0xb0, 0x0, 0x0,
    0x8, 0xff, 0xff, 0xf3, 0x0, 0x0, 0x0, 0x1f,
    0xff, 0xfb, 0x0, 0x0, 0x0, 0x0, 0x7f, 0xff,
    0x20, 0x0, 0x0, 0x0, 0x5, 0xff, 0xf0, 0x0,
    0x0, 0x0, 0x0, 0x5f, 0xff, 0x0, 0x0, 0x0,
    0x0, 0x5, 0xff, 0xf0, 0x0, 0x0,

    /* U+005A "Z" */
    0xcf, 0xff, 0xff, 0xff, 0xff, 0x7c, 0xff, 0xff,
    0xff, 0xff, 0xf7, 0xae, 0xee, 0xee, 0xff, 0xff,
    0x60, 0x0, 0x0, 0xaf, 0xff, 0xc0, 0x0, 0x0,
    0x9f, 0xff, 0xd1, 0x0, 0x0, 0x8f, 0xff, 0xd1,
    0x0, 0x0, 0x7f, 0xff, 0xe2, 0x0, 0x0, 0x6f,
    0xff, 0xe2, 0x0, 0x0, 0x5f, 0xff, 0xf3, 0x0,
    0x0, 0xe, 0xff, 0xff, 0xdd, 0xdd, 0xd8, 0xef,
    0xff, 0xff, 0xff, 0xff, 0x9e, 0xff, 0xff, 0xff,
    0xff, 0xf9,

    /* U+005B "[" */
    0xcf, 0xff, 0xff, 0x8c, 0xff, 0xff, 0xf8, 0xcf,
    0xff, 0xdd, 0x7c, 0xff, 0x90, 0x0, 0xcf, 0xf9,
    0x0, 0xc, 0xff, 0x90, 0x0, 0xcf, 0xf9, 0x0,
    0xc, 0xff, 0x90, 0x0, 0xcf, 0xf9, 0x0, 0xc,
    0xff, 0x90, 0x0, 0xcf, 0xf9, 0x0, 0xc, 0xff,
    0xff, 0xf8, 0xcf, 0xff, 0xff, 0x8a, 0xee, 0xee,
    0xe7,

    /* U+005C "\\" */
    0xe, 0xff, 0x90, 0x0, 0x0, 0x9f, 0xfe, 0x0,
    0x0, 0x4, 0xff, 0xf3, 0x0, 0x0, 0xf, 0xff,
    0x80, 0x0, 0x0, 0xaf, 0xfd, 0x0, 0x0, 0x5,
    0xff, 0xf2, 0x0, 0x0, 0xf, 0xff, 0x70, 0x0,
    0x0, 0xbf, 0xfc, 0x0, 0x0, 0x6, 0xff, 0xf1,
    0x0, 0x0, 0x1f, 0xff, 0x60, 0x0, 0x0, 0xcf,
    0xfb, 0x0, 0x0, 0x7, 0xff, 0xf1,

    /* U+005D "]" */
    0xcf, 0xff, 0xff, 0x8c, 0xff, 0xff, 0xf8, 0xad,
    0xdf, 0xff, 0x80, 0x0, 0xdf, 0xf8, 0x0, 0xd,
    0xff, 0x80, 0x0, 0xdf, 0xf8, 0x0, 0xd, 0xff,
    0x80, 0x0, 0xdf, 0xf8, 0x0, 0xd, 0xff, 0x80,
    0x0, 0xdf, 0xf8, 0x0, 0xd, 0xff, 0x8c, 0xff,
    0xff, 0xf8, 0xcf, 0xff, 0xff, 0x8a, 0xee, 0xee,
    0xe7,

    /* U+005E "^" */
    0x0, 0x4f, 0xff, 0xfd, 0x0, 0x0, 0xb, 0xff,
    0xff, 0xf4, 0x0, 0x2, 0xff, 0xff, 0xff, 0xb0,
    0x0, 0xaf, 0xff, 0x7f, 0xff, 0x20, 0x1f, 0xff,
    0x91, 0xff, 0xf9, 0x8, 0xff, 0xf3, 0xa, 0xff,
    0xf1,

    /* U+005F "_" */
    0xdd, 0xdd, 0xdd, 0xdd, 0xd1, 0xff, 0xff, 0xff,
    0xff, 0xf1, 0xff, 0xff, 0xff, 0xff, 0xf1,

    /* U+0060 "`" */
    0x9, 0xaa, 0x90, 0x7, 0xff, 0xf1, 0x0, 0xef,
    0xf5, 0x0, 0x7f, 0xfa,

    /* U+0061 "a" */
    0x0, 0x3a, 0xef, 0xfd, 0x91, 0x0, 0x4, 0xff,
    0xff, 0xff, 0xfe, 0x0, 0xc, 0xff, 0xc4, 0x6f,
    0xff, 0x60, 0x3, 0x46, 0x55, 0x9f, 0xff, 0x80,
    0x6, 0xff, 0xff, 0xff, 0xff, 0x90, 0x1f, 0xff,
    0xb7, 0x5d, 0xff, 0x90, 0x3f, 0xff, 0x63, 0x8f,
    0xff, 0xd1, 0xe, 0xff, 0xff, 0xff, 0xff, 0xf2,
    0x3, 0xbe, 0xfe, 0x92, 0xbf, 0xf2,

    /* U+0062 "b" */
    0x4f, 0xff, 0x0, 0x0, 0x0, 0x0, 0x4f, 0xff,
    0x0, 0x0, 0x0, 0x0, 0x4f, 0xff, 0x0, 0x0,
    0x0, 0x0, 0x4f, 0xff, 0x0, 0x0, 0x0, 0x0,
    0x4f, 0xff, 0x6c, 0xfe, 0xb3, 0x0, 0x4f, 0xff,
    0xff, 0xff, 0xff, 0x30, 0x4f, 0xff, 0xfa, 0xbf,
    0xff, 0xc0, 0x4f, 0xff, 0x50, 0x8, 0xff, 0xf0,
    0x4f, 0xff, 0x0, 0x4, 0xff, 0xf1, 0x4f, 0xff,
    0x40, 0x8, 0xff, 0xf0, 0x4f, 0xff, 0xfa, 0xbf,
    0xff, 0xc0, 0x4f, 0xff, 0xff, 0xff, 0xff, 0x40,
    0x4f, 0xff, 0x6c, 0xff, 0xb3, 0x0,

    /* U+0063 "c" */
    0x0, 0x29, 0xdf, 0xec, 0x70, 0x0, 0x4f, 0xff,
    0xff, 0xff, 0xd1, 0xd, 0xff, 0xfa, 0xbf, 0xff,
    0x92, 0xff, 0xf5, 0x0, 0x8e, 0xec, 0x4f, 0xff,
    0x20, 0x0, 0x0, 0x2, 0xff, 0xf5, 0x0, 0xaf,
    0xfe, 0xd, 0xff, 0xfa, 0xbf, 0xff, 0x90, 0x4f,
    0xff, 0xff, 0xff, 0xd1, 0x0, 0x29, 0xef, 0xec,
    0x70, 0x0,

    /* U+0064 "d" */
    0x0, 0x0, 0x0, 0x2, 0xff, 0xf2, 0x0, 0x0,
    0x0, 0x2, 0xff, 0xf2, 0x0, 0x0, 0x0, 0x2,
    0xff, 0xf2, 0x0, 0x0, 0x0, 0x2, 0xff, 0xf2,
    0x0, 0x4c, 0xff, 0xc6, 0xff, 0xf2, 0x5, 0xff,
    0xff, 0xff, 0xff, 0xf2, 0xe, 0xff, 0xfb, 0xbf,
    0xff, 0xf2, 0x3f, 0xff, 0x60, 0x7, 0xff, 0xf2,
    0x4f, 0xff, 0x20, 0x2, 0xff, 0xf2, 0x3f, 0xff,
    0x50, 0x5, 0xff, 0xf2, 0xe, 0xff, 0xf8, 0x8f,
    0xff, 0xf2, 0x5, 0xff, 0xff, 0xff, 0xff, 0xf2,
    0x0, 0x4c, 0xff, 0xc8, 0xff, 0xf2,

    /* U+0065 "e" */
    0x0, 0x29, 0xdf, 0xfc, 0x70, 0x0, 0x4f, 0xff,
    0xff, 0xff, 0xc0, 0xd, 0xff, 0xc5, 0x6f, 0xff,
    0x72, 0xff, 0xfe, 0xdd, 0xff, 0xfc, 0x4f, 0xff,
    0xff, 0xff, 0xff, 0xd2, 0xff, 0xf4, 0x0, 0x24,
    0x43, 0xe, 0xff, 0xd4, 0x5e, 0xff, 0x80, 0x4f,
    0xff, 0xff, 0xff, 0xe1, 0x0, 0x29, 0xdf, 0xfd,
    0x81, 0x0,

    /* U+0066 "f" */
    0x0, 0x3, 0xbe, 0xff, 0xb0, 0x0, 0xef, 0xff,
    0xfc, 0x0, 0x4f, 0xff, 0xb9, 0x70, 0x5, 0xff,
    0xf0, 0x0, 0x4f, 0xff, 0xff, 0xff, 0xa4, 0xff,
    0xff, 0xff, 0xfa, 0x3b, 0xdf, 0xff, 0xbb, 0x70,
    0x6, 0xff, 0xf0, 0x0, 0x0, 0x6f, 0xff, 0x0,
    0x0, 0x6, 0xff, 0xf0, 0x0, 0x0, 0x6f, 0xff,
    0x0, 0x0, 0x6, 0xff, 0xf0, 0x0, 0x0, 0x6f,
    0xff, 0x0, 0x0,

    /* U+0067 "g" */
    0x0, 0x4c, 0xff, 0xc7, 0xff, 0xf2, 0x5, 0xff,
    0xff, 0xff, 0xff, 0xf2, 0xe, 0xff, 0xf8, 0x9f,
    0xff, 0xf2, 0x3f, 0xff, 0x50, 0x6, 0xff, 0xf2,
    0x4f, 0xff, 0x20, 0x2, 0xff, 0xf2, 0x3f, 0xff,
    0x50, 0x6, 0xff, 0xf2, 0xe, 0xff, 0xf8, 0x9f,
    0xff, 0xf2, 0x5, 0xff, 0xff, 0xff, 0xff, 0xf2,
    0x0, 0x4c, 0xff, 0xc7, 0xff, 0xf1, 0x1c, 0xcc,
    0x20, 0x6, 0xff, 0xf0, 0xe, 0xff, 0xd7, 0x8f,
    0xff, 0xa0, 0x4, 0xff, 0xff, 0xff, 0xfe, 0x20,
    0x0, 0x3a, 0xef, 0xfd, 0x81, 0x0,

    /* U+0068 "h" */
    0x4f, 0xff, 0x0, 0x0, 0x0, 0x4, 0xff, 0xf0,
    0x0, 0x0, 0x0, 0x4f, 0xff, 0x0, 0x0, 0x0,
    0x4, 0xff, 0xf0, 0x0, 0x0, 0x0, 0x4f, 0xff,
    0x29, 0xef, 0xd5, 0x4, 0xff, 0xfe, 0xff, 0xff,
    0xf5, 0x4f, 0xff, 0xfe, 0xdf, 0xff, 0xb4, 0xff,
    0xf9, 0x0, 0xbf, 0xfd, 0x4f, 0xff, 0x10, 0x7,
    0xff, 0xd4, 0xff, 0xf0, 0x0, 0x7f, 0xfd, 0x4f,
    0xff, 0x0, 0x7, 0xff, 0xd4, 0xff, 0xf0, 0x0,
    0x7f, 0xfd, 0x4f, 0xff, 0x0, 0x7, 0xff, 0xd0,

    /* U+0069 "i" */
    0x4f, 0xff, 0x4, 0xff, 0xf0, 0x3c, 0xcc, 0x0,
    0x0, 0x0, 0x4f, 0xff, 0x4, 0xff, 0xf0, 0x4f,
    0xff, 0x4, 0xff, 0xf0, 0x4f, 0xff, 0x4, 0xff,
    0xf0, 0x4f, 0xff, 0x4, 0xff, 0xf0, 0x4f, 0xff,
    0x0,

    /* U+006A "j" */
    0x0, 0xff, 0xf5, 0x0, 0xff, 0xf5, 0x0, 0xcc,
    0xc4, 0x0, 0x0, 0x0, 0x0, 0xff, 0xf5, 0x0,
    0xff, 0xf5, 0x0, 0xff, 0xf5, 0x0, 0xff, 0xf5,
    0x0, 0xff, 0xf5, 0x0, 0xff, 0xf5, 0x0, 0xff,
    0xf5, 0x0, 0xff, 0xf5, 0x0, 0xff, 0xf5, 0x0,
    0xff, 0xf5, 0x3d, 0xff, 0xf2, 0x5f, 0xff, 0xc0,
    0x5f, 0xe9, 0x10,

    /* U+006B "k" */
    0x4f, 0xff, 0x0, 0x0, 0x0, 0x4, 0xff, 0xf0,
    0x0, 0x0, 0x0, 0x4f, 0xff, 0x0, 0x0, 0x0,
    0x4, 0xff, 0xf0, 0x0, 0x0, 0x0, 0x4f, 0xff,
    0x0, 0xbf, 0xff, 0x34, 0xff, 0xf0, 0xaf, 0xff,
    0x40, 0x4f, 0xff, 0xaf, 0xff, 0x40, 0x4, 0xff,
    0xff, 0xff, 0xf1, 0x0, 0x4f, 0xff, 0xff, 0xff,
    0x80, 0x4, 0xff, 0xff, 0xcf, 0xff, 0x10, 0x4f,
    0xff, 0x70, 0xef, 0xf8, 0x4, 0xff, 0xf0, 0x7,
    0xff, 0xf1, 0x4f, 0xff, 0x0, 0xe, 0xff, 0x80,

    /* U+006C "l" */
    0x4f, 0xff, 0x4, 0xff, 0xf0, 0x4f, 0xff, 0x4,
    0xff, 0xf0, 0x4f, 0xff, 0x4, 0xff, 0xf0, 0x4f,
    0xff, 0x4, 0xff, 0xf0, 0x4f, 0xff, 0x4, 0xff,
    0xf0, 0x4f, 0xff, 0x4, 0xff, 0xf0, 0x4f, 0xff,
    0x0,

    /* U+006D "m" */
    0x4f, 0xff, 0x4c, 0xff, 0xb2, 0x2a, 0xee, 0xb2,
    0x4, 0xff, 0xff, 0xff, 0xff, 0xde, 0xff, 0xff,
    0xe0, 0x4f, 0xff, 0xfb, 0xef, 0xff, 0xfb, 0xdf,
    0xff, 0x34, 0xff, 0xf6, 0x3, 0xff, 0xf9, 0x1,
    0xff, 0xf5, 0x4f, 0xff, 0x10, 0x1f, 0xff, 0x30,
    0xe, 0xff, 0x64, 0xff, 0xf0, 0x1, 0xff, 0xf3,
    0x0, 0xef, 0xf6, 0x4f, 0xff, 0x0, 0x1f, 0xff,
    0x30, 0xe, 0xff, 0x64, 0xff, 0xf0, 0x1, 0xff,
    0xf3, 0x0, 0xef, 0xf6, 0x4f, 0xff, 0x0, 0x1f,
    0xff, 0x30, 0xe, 0xff, 0x60,

    /* U+006E "n" */
    0x4f, 0xff, 0x3a, 0xef, 0xd5, 0x4, 0xff, 0xff,
    0xff, 0xff, 0xf5, 0x4f, 0xff, 0xfb, 0xbf, 0xff,
    0xb4, 0xff, 0xf7, 0x0, 0xaf, 0xfd, 0x4f, 0xff,
    0x10, 0x7, 0xff, 0xd4, 0xff, 0xf0, 0x0, 0x7f,
    0xfd, 0x4f, 0xff, 0x0, 0x7, 0xff, 0xd4, 0xff,
    0xf0, 0x0, 0x7f, 0xfd, 0x4f, 0xff, 0x0, 0x7,
    0xff, 0xd0,

    /* U+006F "o" */
    0x0, 0x19, 0xdf, 0xfc, 0x70, 0x0, 0x3, 0xef,
    0xff, 0xff, 0xfd, 0x10, 0xd, 0xff, 0xfa, 0xbf,
    0xff, 0x90, 0x2f, 0xff, 0x50, 0x9, 0xff, 0xe0,
    0x4f, 0xff, 0x20, 0x6, 0xff, 0xf0, 0x2f, 0xff,
    0x50, 0x9, 0xff, 0xe0, 0xd, 0xff, 0xfa, 0xbf,
    0xff, 0x90, 0x3, 0xef, 0xff, 0xff, 0xfd, 0x10,
    0x0, 0x19, 0xdf, 0xfc, 0x70, 0x0,

    /* U+0070 "p" */
    0x4f, 0xff, 0x8d, 0xfe, 0xb3, 0x0, 0x4f, 0xff,
    0xff, 0xff, 0xff, 0x30, 0x4f, 0xff, 0xe8, 0x9f,
    0xff, 0xc0, 0x4f, 0xff, 0x40, 0x7, 0xff, 0xf0,
    0x4f, 0xff, 0x0, 0x4, 0xff, 0xf1, 0x4f, 0xff,
    0x50, 0x8, 0xff, 0xf0, 0x4f, 0xff, 0xfa, 0xbf,
    0xff, 0xc0, 0x4f, 0xff, 0xff, 0xff, 0xff, 0x40,
    0x4f, 0xff, 0x6c, 0xff, 0xb3, 0x0, 0x4f, 0xff,
    0x0, 0x0, 0x0, 0x0, 0x4f, 0xff, 0x0, 0x0,
    0x0, 0x0, 0x4f, 0xff, 0x0, 0x0, 0x0, 0x0,
    0x4f, 0xff, 0x0, 0x0, 0x0, 0x0,

    /* U+0071 "q" */
    0x0, 0x4c, 0xff, 0xc8, 0xff, 0xf2, 0x5, 0xff,
    0xff, 0xff, 0xff, 0xf2, 0xe, 0xff, 0xe8, 0x8f,
    0xff, 0xf2, 0x3f, 0xff, 0x50, 0x6, 0xff, 0xf2,
    0x4f, 0xff, 0x20, 0x2, 0xff, 0xf2, 0x3f, 0xff,
    0x60, 0x7, 0xff, 0xf2, 0xe, 0xff, 0xfa, 0xaf,
    0xff, 0xf2, 0x5, 0xff, 0xff, 0xff, 0xff, 0xf2,
    0x0, 0x4c, 0xff, 0xc6, 0xff, 0xf2, 0x0, 0x0,
    0x0, 0x2, 0xff, 0xf2, 0x0, 0x0, 0x0, 0x2,
    0xff, 0xf2, 0x0, 0x0, 0x0, 0x2, 0xff, 0xf2,
    0x0, 0x0, 0x0, 0x2, 0xff, 0xf2,

    /* U+0072 "r" */
    0x4f, 0xff, 0x18, 0xdd, 0x4f, 0xff, 0xbf, 0xfe,
    0x4f, 0xff, 0xff, 0xdb, 0x4f, 0xff, 0xd2, 0x0,
    0x4f, 0xff, 0x30, 0x0, 0x4f, 0xff, 0x0, 0x0,
    0x4f, 0xff, 0x0, 0x0, 0x4f, 0xff, 0x0, 0x0,
    0x4f, 0xff, 0x0, 0x0,

    /* U+0073 "s" */
    0x0, 0x7c, 0xef, 0xda, 0x40, 0x0, 0xcf, 0xff,
    0xff, 0xff, 0x70, 0x2f, 0xff, 0x72, 0x9f, 0xff,
    0x0, 0xff, 0xff, 0xa7, 0x52, 0x20, 0x4, 0xef,
    0xff, 0xff, 0xc2, 0x1, 0x33, 0x77, 0xbf, 0xff,
    0xe0, 0x2f, 0xff, 0x72, 0x7f, 0xff, 0x20, 0xbf,
    0xff, 0xff, 0xff, 0xd0, 0x0, 0x6c, 0xef, 0xec,
    0x81, 0x0,

    /* U+0074 "t" */
    0x0, 0x6f, 0xff, 0x0, 0x0, 0x6, 0xff, 0xf0,
    0x0, 0x4f, 0xff, 0xff, 0xff, 0xa4, 0xff, 0xff,
    0xff, 0xfa, 0x3b, 0xdf, 0xff, 0xbb, 0x70, 0x6,
    0xff, 0xf0, 0x0, 0x0, 0x6f, 0xff, 0x0, 0x0,
    0x5, 0xff, 0xf0, 0x0, 0x0, 0x4f, 0xff, 0xb9,
    0x40, 0x0, 0xef, 0xff, 0xf7, 0x0, 0x2, 0xbe,
    0xff, 0x70,

    /* U+0075 "u" */
    0x4f, 0xff, 0x0, 0x7, 0xff, 0xd4, 0xff, 0xf0,
    0x0, 0x7f, 0xfd, 0x4f, 0xff, 0x0, 0x7, 0xff,
    0xd4, 0xff, 0xf0, 0x0, 0x7f, 0xfd, 0x4f, 0xff,
    0x0, 0x7, 0xff, 0xd4, 0xff, 0xf3, 0x0, 0xdf,
    0xfd, 0x2f, 0xff, 0xea, 0xdf, 0xff, 0xd0, 0xcf,
    0xff, 0xff, 0xff, 0xfd, 0x1, 0x9e, 0xfd, 0x77,
    0xff, 0xd0,

    /* U+0076 "v" */
    0x2f, 0xff, 0x40, 0x7, 0xff, 0xf0, 0xd, 0xff,
    0x90, 0xb, 0xff, 0xa0, 0x8, 0xff, 0xe0, 0xf,
    0xff, 0x50, 0x3, 0xff, 0xf2, 0x5f, 0xff, 0x10,
    0x0, 0xef, 0xf7, 0x9f, 0xfb, 0x0, 0x0, 0x9f,
    0xfb, 0xef, 0xf6, 0x0, 0x0, 0x4f, 0xff, 0xff,
    0xf1, 0x0, 0x0, 0xe, 0xff, 0xff, 0xc0, 0x0,
    0x0, 0xa, 0xff, 0xff, 0x70, 0x0,

    /* U+0077 "w" */
    0x2f, 0xff, 0x20, 0xef, 0xff, 0x60, 0xaf, 0xfb,
    0xf, 0xff, 0x51, 0xff, 0xff, 0x90, 0xcf, 0xf8,
    0xc, 0xff, 0x74, 0xff, 0xff, 0xc0, 0xff, 0xf4,
    0x8, 0xff, 0xa7, 0xff, 0xbf, 0xf1, 0xff, 0xf1,
    0x5, 0xff, 0xc9, 0xfe, 0x5f, 0xf6, 0xff, 0xe0,
    0x2, 0xff, 0xfc, 0xfb, 0x2f, 0xfc, 0xff, 0xb0,
    0x0, 0xef, 0xff, 0xf8, 0xf, 0xff, 0xff, 0x70,
    0x0, 0xbf, 0xff, 0xf5, 0xc, 0xff, 0xff, 0x40,
    0x0, 0x8f, 0xff, 0xf1, 0x9, 0xff, 0xff, 0x10,

    /* U+0078 "x" */
    0xb, 0xff, 0xf3, 0x3, 0xff, 0xfb, 0x0, 0xd,
    0xff, 0xe2, 0xdf, 0xfd, 0x0, 0x0, 0x2e, 0xff,
    0xff, 0xff, 0x20, 0x0, 0x0, 0x4f, 0xff, 0xff,
    0x50, 0x0, 0x0, 0x0, 0xaf, 0xff, 0xb0, 0x0,
    0x0, 0x0, 0x5f, 0xff, 0xff, 0x50, 0x0, 0x0,
    0x3f, 0xff, 0xff, 0xff, 0x30, 0x0, 0x1e, 0xff,
    0xd1, 0xdf, 0xfe, 0x10, 0xd, 0xff, 0xf2, 0x2,
    0xff, 0xfc, 0x0,

    /* U+0079 "y" */
    0x1f, 0xff, 0x80, 0x0, 0xff, 0xf9, 0xa, 0xff,
    0xe0, 0x5, 0xff, 0xf2, 0x3, 0xff, 0xf4, 0xb,
    0xff, 0xb0, 0x0, 0xcf, 0xfa, 0x1f, 0xff, 0x50,
    0x0, 0x5f, 0xff, 0x8f, 0xfe, 0x0, 0x0, 0xe,
    0xff, 0xff, 0xf7, 0x0, 0x0, 0x7, 0xff, 0xff,
    0xf1, 0x0, 0x0, 0x1, 0xff, 0xff, 0xa0, 0x0,
    0x0, 0x0, 0x9f, 0xff, 0x30, 0x0, 0x0, 0x0,
    0xdf, 0xfc, 0x0, 0x0, 0x8, 0xbe, 0xff, 0xf3,
    0x0, 0x0, 0xc, 0xff, 0xff, 0x70, 0x0, 0x0,
    0xc, 0xfe, 0xb5, 0x0, 0x0, 0x0,

    /* U+007A "z" */
    0x2f, 0xff, 0xff, 0xff, 0xfb, 0x2f, 0xff, 0xff,
    0xff, 0xfb, 0x19, 0x99, 0xaf, 0xff, 0xfa, 0x0,
    0x2, 0xdf, 0xff, 0xa0, 0x0, 0x3e, 0xff, 0xf9,
    0x0, 0x4, 0xff, 0xff, 0x70, 0x0, 0x3f, 0xff,
    0xfd, 0x99, 0x98, 0x4f, 0xff, 0xff, 0xff, 0xfe,
    0x4f, 0xff, 0xff, 0xff, 0xfe,

    /* U+007B "{" */
    0x0, 0x2b, 0xef, 0x60, 0xc, 0xff, 0xf6, 0x0,
    0xff, 0xfd, 0x40, 0xf, 0xff, 0x20, 0x1, 0xff,
    0xf0, 0x0, 0x8f, 0xfe, 0x0, 0xcf, 0xff, 0x80,
    0xc, 0xff, 0xc1, 0x0, 0xaf, 0xff, 0xc0, 0x0,
    0x5f, 0xff, 0x0, 0x0, 0xff, 0xf2, 0x0, 0xf,
    0xff, 0xe4, 0x0, 0xdf, 0xff, 0x60, 0x3, 0xcf,
    0xf6,

    /* U+007C "|" */
    0x67, 0x74, 0xcf, 0xf9, 0xcf, 0xf9, 0xcf, 0xf9,
    0xcf, 0xf9, 0xcf, 0xf9, 0xcf, 0xf9, 0xcf, 0xf9,
    0xcf, 0xf9, 0xcf, 0xf9, 0xcf, 0xf9, 0xcf, 0xf9,
    0xcf, 0xf9, 0xcf, 0xf9, 0xcf, 0xf9, 0xcf, 0xf9,
    0xcf, 0xf9, 0xcf, 0xf9,

    /* U+007D "}" */
    0xcf, 0xe9, 0x0, 0xc, 0xff, 0xf6, 0x0, 0x9f,
    0xff, 0x90, 0x0, 0x8f, 0xfa, 0x0, 0x6, 0xff,
    0xb0, 0x0, 0x4f, 0xff, 0x30, 0x0, 0xef, 0xff,
    0x60, 0x5, 0xff, 0xf6, 0x3, 0xff, 0xff, 0x50,
    0x6f, 0xfe, 0x10, 0x8, 0xff, 0xa0, 0x9, 0xff,
    0xf9, 0x0, 0xcf, 0xff, 0x70, 0xc, 0xff, 0xa0,
    0x0,

    /* U+007E "~" */
    0x18, 0xdf, 0xe9, 0x20, 0x7, 0x30, 0x9f, 0xff,
    0xff, 0xfd, 0xff, 0xa0, 0x4f, 0xfd, 0xff, 0xff,
    0xff, 0xf0, 0x8, 0x10, 0x7, 0xdf, 0xea, 0x20,

    /* U+4E09 "三" */
    0x3, 0x55, 0x55, 0x55, 0x55, 0x55, 0x55, 0x50,
    0xa, 0xff, 0xff, 0xff, 0xff, 0xff, 0xff, 0xf0,
    0xa, 0xff, 0xff, 0xff, 0xff, 0xff, 0xff, 0xf0,
    0x1, 0x22, 0x22, 0x22, 0x22, 0x22, 0x22, 0x20,
    0x0, 0x0, 0x0, 0x0, 0x0, 0x0, 0x0, 0x0,
    0x0, 0x0, 0x0, 0x0, 0x0, 0x0, 0x0, 0x0,
    0x0, 0x77, 0x77, 0x77, 0x77, 0x77, 0x77, 0x20,
    0x0, 0xff, 0xff, 0xff, 0xff, 0xff, 0xff, 0x50,
    0x0, 0xff, 0xff, 0xff, 0xff, 0xff, 0xff, 0x50,
    0x0, 0x0, 0x0, 0x0, 0x0, 0x0, 0x0, 0x0,
    0x0, 0x0, 0x0, 0x0, 0x0, 0x0, 0x0, 0x0,
    0x0, 0x0, 0x0, 0x0, 0x0, 0x0, 0x0, 0x0,
    0x8, 0x88, 0x88, 0x88, 0x88, 0x88, 0x88, 0x83,
    0x1f, 0xff, 0xff, 0xff, 0xff, 0xff, 0xff, 0xf7,
    0x1f, 0xff, 0xff, 0xff, 0xff, 0xff, 0xff, 0xf7,

    /* U+4E2A "个" */
    0x0, 0x0, 0x0, 0x0, 0x0, 0x0, 0x0, 0x0,
    0x0, 0x0, 0x0, 0x0, 0x5, 0xfe, 0xc2, 0x0,
    0x0, 0x0, 0x0, 0x0, 0x0, 0x2e, 0xff, 0xf5,
    0x0, 0x0, 0x0, 0x0, 0x0, 0x3, 0xef, 0xff,
    0xff, 0x70, 0x0, 0x0, 0x0, 0x0, 0x7f, 0xff,
    0xfb, 0xff, 0xfc, 0x20, 0x0, 0x0, 0x5c, 0xff,
    0xff, 0x30, 0x9f, 0xff, 0xfa, 0x30, 0xe, 0xff,
    0xff, 0xd2, 0x0, 0x6, 0xff, 0xff, 0xf7, 0xc,
    0xff, 0xf8, 0x4, 0xff, 0xc0, 0x2b, 0xff, 0xf4,
    0x7, 0xfa, 0x20, 0x5, 0xff, 0xc0, 0x0, 0x4c,
    0xe0, 0x1, 0x20, 0x0, 0x5, 0xff, 0xc0, 0x0,
    0x0, 0x20, 0x0, 0x0, 0x0, 0x5, 0xff, 0xc0,
    0x0, 0x0, 0x0, 0x0, 0x0, 0x0, 0x5, 0xff,
    0xc0, 0x0, 0x0, 0x0, 0x0, 0x0, 0x0, 0x5,
    0xff, 0xc0, 0x0, 0x0, 0x0, 0x0, 0x0, 0x0,
    0x5, 0xff, 0xc0, 0x0, 0x0, 0x0, 0x0, 0x0,
    0x0, 0x5, 0xff, 0xc0, 0x0, 0x0, 0x0, 0x0,
    0x0, 0x0, 0x5, 0xff, 0xc0, 0x0, 0x0, 0x0,
    0x0, 0x0, 0x0, 0x5, 0xff, 0xc0, 0x0, 0x0,
    0x0,

    /* U+4F4D "位" */
    0x0, 0x0, 0x43, 0x0, 0x0, 0x13, 0x50, 0x0,
    0x0, 0x0, 0xf, 0xff, 0x40, 0x2f, 0xff, 0x20,
    0x0, 0x0, 0x7, 0xff, 0xe0, 0x0, 0xbf, 0xf4,
    0x0, 0x0, 0x0, 0xef, 0xf7, 0xff, 0xff, 0xff,
    0xff, 0xfa, 0x0, 0x9f, 0xff, 0xf, 0xff, 0xff,
    0xff, 0xff, 0xa0, 0x4f, 0xff, 0xf0, 0x88, 0x88,
    0x88, 0x88, 0x85, 0xe, 0xff, 0xff, 0x2, 0x7b,
    0x0, 0x9, 0xb8, 0x20, 0xcf, 0xff, 0xf0, 0xaf,
    0xf5, 0x0, 0xdf, 0xf3, 0x6, 0xff, 0xff, 0x3,
    0xff, 0xb0, 0xf, 0xff, 0x0, 0x16, 0xef, 0xf0,
    0xd, 0xff, 0x4, 0xff, 0xa0, 0x0, 0xe, 0xff,
    0x0, 0x7f, 0xf5, 0x8f, 0xf5, 0x0, 0x0, 0xef,
    0xf0, 0x2, 0xff, 0x9d, 0xff, 0x0, 0x0, 0xe,
    0xff, 0x0, 0xa, 0x63, 0xff, 0xa0, 0x0, 0x0,
    0xef, 0xf3, 0xaa, 0xaa, 0xcf, 0xfc, 0xaa, 0x0,
    0xe, 0xff, 0x5f, 0xff, 0xff, 0xff, 0xff, 0xf0,
    0x0, 0xef, 0xf4, 0xcc, 0xcc, 0xcc, 0xcc, 0xcc,

    /* U+504F "偏" */
    0x0, 0x3, 0x20, 0x0, 0x2, 0x45, 0x0, 0x0,
    0x0, 0x0, 0xef, 0xc2, 0x3, 0xff, 0xf1, 0x0,
    0x0, 0x0, 0x5f, 0xff, 0xff, 0xff, 0xff, 0xff,
    0xff, 0x0, 0xd, 0xff, 0xef, 0xff, 0xff, 0xff,
    0xff, 0xf0, 0x7, 0xff, 0xe9, 0xff, 0x75, 0x55,
    0x5d, 0xff, 0x1, 0xff, 0xfd, 0x9f, 0xff, 0xff,
    0xff, 0xff, 0xf0, 0xbf, 0xff, 0xd9, 0xff, 0xff,
    0xff, 0xff, 0xff, 0xb, 0xff, 0xfd, 0x9f, 0xf8,
    0x55, 0x55, 0x55, 0x50, 0x6f, 0xff, 0xda, 0xff,
    0xff, 0xff, 0xff, 0xff, 0x11, 0xbf, 0xfd, 0xcf,
    0xff, 0xff, 0xff, 0xff, 0xf1, 0x1, 0xff, 0xde,
    0xff, 0xff, 0xab, 0xe9, 0xff, 0x10, 0x1f, 0xfe,
    0xff, 0xff, 0xff, 0xff, 0xff, 0xf1, 0x1, 0xff,
    0xff, 0xff, 0xff, 0xff, 0xff, 0xff, 0x10, 0x1f,
    0xff, 0xff, 0xcf, 0xfa, 0xbe, 0x9f, 0xf1, 0x1,
    0xff, 0xff, 0xf8, 0xff, 0xab, 0xea, 0xff, 0x10,
    0x1f, 0xfe, 0xee, 0x5f, 0xfa, 0xbe, 0xff, 0xf0,
    0x1, 0xff, 0xd1, 0x65, 0xff, 0x22, 0x4f, 0xf9,
    0x0, 0x1, 0x11, 0x0, 0x0, 0x0, 0x0, 0x0,
    0x0,

    /* U+50A8 "储" */
    0x0, 0x0, 0x0, 0x0, 0x0, 0x0, 0x0, 0x0,
    0x0, 0x0, 0x1f, 0xc8, 0x9e, 0x20, 0x3f, 0xf7,
    0x0, 0x0, 0x0, 0x6f, 0xf8, 0xff, 0xa6, 0xff,
    0xff, 0x8c, 0x40, 0x0, 0xcf, 0xf0, 0xaf, 0xb7,
    0xff, 0xff, 0xcf, 0xf1, 0x3, 0xff, 0xd0, 0x24,
    0x2, 0x8f, 0xfa, 0xef, 0xa0, 0xc, 0xff, 0xdc,
    0xee, 0x56, 0x8f, 0xfd, 0xff, 0x91, 0x3f, 0xff,
    0xde, 0xff, 0x6f, 0xff, 0xff, 0xff, 0xf3, 0x1f,
    0xff, 0xd9, 0xff, 0x6e, 0xff, 0xff, 0xff, 0xf3,
    0xe, 0xff, 0xd4, 0xff, 0x62, 0xbf, 0xff, 0x53,
    0x20, 0x7, 0xef, 0xd4, 0xff, 0xcf, 0xff, 0xff,
    0xff, 0xd0, 0x0, 0xef, 0xd4, 0xff, 0xbf, 0xff,
    0xff, 0xff, 0xd0, 0x0, 0xef, 0xd4, 0xff, 0x8f,
    0xff, 0xa6, 0xef, 0xd0, 0x0, 0xef, 0xd4, 0xff,
    0xc9, 0xff, 0xff, 0xff, 0xd0, 0x0, 0xef, 0xd4,
    0xff, 0xfd, 0xff, 0xda, 0xff, 0xd0, 0x0, 0xef,
    0xd8, 0xff, 0xff, 0xff, 0xc9, 0xff, 0xd0, 0x0,
    0xef, 0xd4, 0xff, 0xa4, 0xff, 0xff, 0xff, 0xd0,
    0x0, 0xef, 0xd0, 0x74, 0x3, 0xdd, 0xdd, 0xdd,
    0xb0,

    /* U+51C6 "准" */
    0x0, 0x31, 0x0, 0x23, 0x0, 0x1, 0x20, 0x0,
    0x5, 0xdf, 0x90, 0xb, 0xff, 0xae, 0xfe, 0x0,
    0x0, 0x4f, 0xfe, 0x1, 0xff, 0xf2, 0xef, 0xf3,
    0x0, 0x0, 0xdf, 0xf4, 0x8f, 0xff, 0xff, 0xff,
    0xff, 0xf1, 0x7, 0xff, 0xbf, 0xff, 0xff, 0xff,
    0xff, 0xff, 0x20, 0x2f, 0xff, 0xff, 0xfe, 0x7e,
    0xff, 0xa7, 0x70, 0x0, 0xda, 0xff, 0xff, 0xd6,
    0xdf, 0xf9, 0x64, 0x0, 0x1, 0xb, 0xff, 0xff,
    0xff, 0xff, 0xff, 0xc0, 0x0, 0x53, 0x7e, 0xff,
    0xff, 0xff, 0xff, 0xfc, 0x0, 0x3f, 0xfe, 0x5f,
    0xfc, 0xc, 0xff, 0x50, 0x0, 0x5, 0xff, 0xa5,
    0xff, 0xff, 0xff, 0xff, 0xfb, 0x0, 0x9f, 0xf7,
    0x5f, 0xff, 0xff, 0xff, 0xff, 0xc0, 0xd, 0xff,
    0x45, 0xff, 0xe7, 0xef, 0xfa, 0x75, 0x1, 0xff,
    0xf0, 0x5f, 0xfd, 0x7d, 0xff, 0x97, 0x70, 0x5f,
    0xfc, 0x5, 0xff, 0xff, 0xff, 0xff, 0xff, 0x23,
    0x8c, 0x70, 0x5f, 0xff, 0xff, 0xff, 0xff, 0xf2,

    /* U+51FA "出" */
    0x0, 0x0, 0x2, 0xff, 0xe0, 0x0, 0x0, 0x3,
    0x88, 0x30, 0x2f, 0xfe, 0x0, 0x88, 0x60, 0x7f,
    0xf6, 0x2, 0xff, 0xe0, 0x1f, 0xfd, 0x7, 0xff,
    0x60, 0x2f, 0xfe, 0x1, 0xff, 0xd0, 0x7f, 0xf6,
    0x2, 0xff, 0xe0, 0x1f, 0xfd, 0x7, 0xff, 0xb7,
    0x8f, 0xff, 0x78, 0xff, 0xd0, 0x7f, 0xff, 0xff,
    0xff, 0xff, 0xff, 0xfd, 0x7, 0xee, 0xee, 0xef,
    0xff, 0xee, 0xee, 0xb0, 0xab, 0xb0, 0x2, 0xff,
    0xe0, 0x7, 0xbb, 0x2e, 0xff, 0x0, 0x2f, 0xfe,
    0x0, 0xbf, 0xf3, 0xef, 0xf0, 0x2, 0xff, 0xe0,
    0xb, 0xff, 0x3e, 0xff, 0x0, 0x2f, 0xfe, 0x0,
    0xbf, 0xf3, 0xef, 0xf6, 0x68, 0xff, 0xe6, 0x6d,
    0xff, 0x3e, 0xff, 0xff, 0xff, 0xff, 0xff, 0xff,
    0xf3, 0xef, 0xff, 0xff, 0xff, 0xff, 0xff, 0xff,
    0x30,

    /* U+5236 "制" */
    0xd, 0xf9, 0xff, 0xc0, 0x0, 0xaf, 0xbc, 0xff,
    0x0, 0xff, 0xbf, 0xfd, 0x66, 0x3a, 0xfb, 0xdf,
    0xf0, 0x3f, 0xff, 0xff, 0xff, 0xf7, 0xaf, 0xbd,
    0xff, 0x8, 0xff, 0xef, 0xff, 0xee, 0x6a, 0xfb,
    0xdf, 0xf0, 0x3b, 0xd5, 0xff, 0xd5, 0x54, 0xaf,
    0xbd, 0xff, 0x5, 0xff, 0xff, 0xff, 0xff, 0xda,
    0xfb, 0xdf, 0xf0, 0x4e, 0xee, 0xff, 0xfe, 0xec,
    0xaf, 0xbd, 0xff, 0x0, 0x55, 0x6f, 0xfd, 0x55,
    0x4a, 0xfb, 0xdf, 0xf0, 0x1f, 0xff, 0xff, 0xff,
    0xfc, 0xaf, 0xbd, 0xff, 0x1, 0xff, 0xff, 0xff,
    0xff, 0xca, 0xfb, 0xdf, 0xf0, 0x1f, 0xf6, 0xff,
    0xc9, 0xfc, 0xaf, 0xbd, 0xff, 0x1, 0xff, 0x6f,
    0xfc, 0x9f, 0xc8, 0xc9, 0xdf, 0xf0, 0x1f, 0xf6,
    0xff, 0xff, 0xfc, 0x17, 0x7f, 0xff, 0x0, 0xee,
    0x6f, 0xfd, 0xff, 0x71, 0xff, 0xff, 0xf0, 0x0,
    0x0, 0xff, 0xc1, 0x10, 0xc, 0xff, 0xf7, 0x0,

    /* U+52A8 "动" */
    0x1, 0x22, 0x22, 0x22, 0x0, 0xdf, 0xf0, 0x0,
    0x0, 0x9f, 0xff, 0xff, 0xf5, 0xd, 0xff, 0x0,
    0x0, 0x9, 0xff, 0xff, 0xff, 0x8b, 0xff, 0xfb,
    0xbb, 0x70, 0x24, 0x44, 0x44, 0x45, 0xff, 0xff,
    0xff, 0xfa, 0x0, 0x0, 0x0, 0x0, 0x3a, 0xff,
    0xfb, 0xff, 0xa0, 0xef, 0xff, 0xff, 0xf9, 0xd,
    0xff, 0x1f, 0xfa, 0xe, 0xff, 0xff, 0xff, 0x90,
    0xdf, 0xe1, 0xff, 0xa0, 0x7b, 0xff, 0xb7, 0x74,
    0xe, 0xfe, 0x1f, 0xfa, 0x0, 0x9f, 0xf5, 0x6a,
    0x0, 0xff, 0xd1, 0xff, 0xa0, 0xd, 0xfe, 0x5f,
    0xf4, 0x2f, 0xfb, 0x1f, 0xfa, 0x3, 0xff, 0x91,
    0xff, 0x97, 0xff, 0x71, 0xff, 0xa0, 0xcf, 0xfd,
    0xff, 0xfd, 0xef, 0xf3, 0x1f, 0xfa, 0xd, 0xff,
    0xff, 0xff, 0xff, 0xfe, 0x79, 0xff, 0xa0, 0x8e,
    0xb7, 0x48, 0xed, 0xff, 0x6e, 0xff, 0xf9, 0x0,
    0x0, 0x0, 0x10, 0x8, 0xd0, 0xaf, 0xfd, 0x20,
    0x0, 0x0, 0x0, 0x0, 0x0, 0x0, 0x0, 0x0,

    /* U+5360 "占" */
    0x0, 0x0, 0x5f, 0xfe, 0x0, 0x0, 0x0, 0x0,
    0x0, 0x5f, 0xfe, 0x0, 0x0, 0x0, 0x0, 0x0,
    0x5f, 0xff, 0xff, 0xff, 0xf9, 0x0, 0x0, 0x5f,
    0xff, 0xff, 0xff, 0xfa, 0x0, 0x0, 0x5f, 0xfe,
    0x77, 0x77, 0x74, 0x0, 0x0, 0x5f, 0xfe, 0x0,
    0x0, 0x0, 0x57, 0x77, 0xaf, 0xfe, 0x77, 0x77,
    0x60, 0xcf, 0xff, 0xff, 0xff, 0xff, 0xff, 0xe0,
    0xcf, 0xff, 0xff, 0xff, 0xff, 0xff, 0xe0, 0xcf,
    0xf4, 0x0, 0x0, 0x3, 0xff, 0xe0, 0xcf, 0xf4,
    0x0, 0x0, 0x3, 0xff, 0xe0, 0xcf, 0xf4, 0x0,
    0x0, 0x3, 0xff, 0xe0, 0xcf, 0xf9, 0x77, 0x77,
    0x78, 0xff, 0xe0, 0xcf, 0xff, 0xff, 0xff, 0xff,
    0xff, 0xe0, 0xcf, 0xff, 0xff, 0xff, 0xff, 0xff,
    0xe0,

    /* U+542F "启" */
    0x0, 0x0, 0x0, 0x14, 0x56, 0x0, 0x0, 0x0,
    0x0, 0x0, 0x0, 0x5f, 0xff, 0x20, 0x0, 0x0,
    0x0, 0x44, 0x44, 0x4f, 0xff, 0x94, 0x44, 0x41,
    0x2, 0xff, 0xff, 0xff, 0xff, 0xff, 0xff, 0xf4,
    0x2, 0xff, 0xff, 0xff, 0xff, 0xff, 0xff, 0xf4,
    0x2, 0xff, 0xe2, 0x22, 0x22, 0x22, 0xcf, 0xf4,
    0x2, 0xff, 0xfa, 0xaa, 0xaa, 0xaa, 0xef, 0xf4,
    0x2, 0xff, 0xff, 0xff, 0xff, 0xff, 0xff, 0xf4,
    0x2, 0xff, 0xfc, 0xcc, 0xcc, 0xcc, 0xcc, 0xc3,
    0x3, 0xff, 0xd4, 0x55, 0x55, 0x55, 0x55, 0x50,
    0x6, 0xff, 0xce, 0xff, 0xff, 0xff, 0xff, 0xf1,
    0xa, 0xff, 0xae, 0xff, 0xff, 0xff, 0xff, 0xf1,
    0xf, 0xff, 0x6e, 0xff, 0x31, 0x11, 0xff, 0xf1,
    0x6f, 0xff, 0x2e, 0xff, 0x87, 0x77, 0xff, 0xf1,
    0xaf, 0xfd, 0xe, 0xff, 0xff, 0xff, 0xff, 0xf1,
    0x6, 0xe6, 0xe, 0xff, 0xff, 0xff, 0xff, 0xf1,
    0x0, 0x10, 0x0, 0x0, 0x0, 0x0, 0x0, 0x0,

    /* U+5B58 "存" */
    0x0, 0x0, 0x0, 0x64, 0x20, 0x0, 0x0, 0x0,
    0x0, 0x0, 0x4, 0xff, 0xc0, 0x0, 0x0, 0x0,
    0x3, 0x33, 0x3a, 0xff, 0xa3, 0x33, 0x33, 0x32,
    0x1f, 0xff, 0xff, 0xff, 0xff, 0xff, 0xff, 0xf9,
    0x1f, 0xff, 0xff, 0xff, 0xff, 0xff, 0xff, 0xf9,
    0x3, 0x34, 0xff, 0xf6, 0x33, 0x33, 0x33, 0x32,
    0x0, 0xb, 0xff, 0xcc, 0xff, 0xff, 0xff, 0xb0,
    0x0, 0x8f, 0xff, 0x2d, 0xff, 0xff, 0xff, 0xb0,
    0x8, 0xff, 0xfe, 0x6, 0x77, 0x7e, 0xff, 0x90,
    0x9f, 0xff, 0xfe, 0x0, 0x0, 0xaf, 0xfc, 0x0,
    0x9f, 0xff, 0xfe, 0xaf, 0xff, 0xff, 0xff, 0xfd,
    0x3f, 0xbf, 0xfe, 0xaf, 0xff, 0xff, 0xff, 0xfd,
    0x6, 0x1f, 0xfe, 0x36, 0x68, 0xff, 0xd6, 0x65,
    0x0, 0x1f, 0xfe, 0x0, 0x3, 0xff, 0xb0, 0x0,
    0x0, 0x1f, 0xfe, 0x3, 0x7a, 0xff, 0xb0, 0x0,
    0x0, 0x1f, 0xfe, 0x4, 0xff, 0xff, 0xa0, 0x0,
    0x0, 0x1f, 0xfe, 0x0, 0xff, 0xfd, 0x30, 0x0,

    /* U+5BF9 "对" */
    0x2, 0x33, 0x33, 0x33, 0x0, 0x0, 0xef, 0xf1,
    0x0, 0xef, 0xff, 0xff, 0xf3, 0x0, 0xe, 0xff,
    0x10, 0xd, 0xff, 0xff, 0xff, 0x54, 0x44, 0xff,
    0xf5, 0x30, 0x2, 0x10, 0xdf, 0xf9, 0xff, 0xff,
    0xff, 0xfa, 0x4, 0xfc, 0xe, 0xff, 0x8f, 0xff,
    0xff, 0xff, 0xa0, 0xef, 0xfa, 0xff, 0xf1, 0x23,
    0x2e, 0xff, 0x31, 0x5, 0xff, 0xff, 0xfd, 0x3b,
    0xc0, 0xef, 0xf1, 0x0, 0x9, 0xff, 0xff, 0x88,
    0xff, 0x3e, 0xff, 0x10, 0x0, 0xd, 0xff, 0xf4,
    0x1f, 0xfa, 0xef, 0xf1, 0x0, 0x0, 0x8f, 0xff,
    0xa0, 0xbf, 0xff, 0xff, 0x10, 0x0, 0x3f, 0xff,
    0xff, 0x56, 0xd2, 0xef, 0xf1, 0x0, 0x1d, 0xff,
    0xff, 0xfe, 0x20, 0xe, 0xff, 0x10, 0xc, 0xff,
    0xf9, 0xff, 0xd0, 0x0, 0xef, 0xf1, 0x2, 0xff,
    0xf9, 0x9, 0xf2, 0x27, 0x7f, 0xff, 0x10, 0x6,
    0xfc, 0x0, 0x15, 0x3, 0xff, 0xff, 0xf0, 0x0,
    0x9, 0x10, 0x0, 0x0, 0xf, 0xff, 0xf7, 0x0,

    /* U+5E45 "幅" */
    0x0, 0xcf, 0xf0, 0xc, 0xff, 0xff, 0xff, 0xfb,
    0x0, 0xcf, 0xf0, 0xc, 0xff, 0xff, 0xff, 0xfb,
    0xce, 0xff, 0xfe, 0xe4, 0x99, 0x99, 0x99, 0x93,
    0xdf, 0xff, 0xff, 0xf6, 0xff, 0xff, 0xff, 0xf4,
    0xdf, 0xbf, 0xcf, 0xf6, 0xff, 0x97, 0xaf, 0xf4,
    0xdf, 0x9f, 0xaf, 0xf6, 0xff, 0xee, 0xef, 0xf4,
    0xdf, 0x9f, 0xaf, 0xf6, 0xff, 0xff, 0xff, 0xf4,
    0xdf, 0x9f, 0xaf, 0xf5, 0x88, 0x88, 0x88, 0x84,
    0xdf, 0x9f, 0xaf, 0xfa, 0xff, 0xff, 0xff, 0xfa,
    0xdf, 0x9f, 0xaf, 0xfa, 0xff, 0xff, 0xff, 0xfa,
    0xdf, 0x9f, 0xcf, 0xfa, 0xff, 0x6f, 0x6f, 0xfa,
    0xdf, 0x9f, 0xff, 0xfa, 0xff, 0xff, 0xff, 0xfa,
    0xdf, 0x9f, 0xff, 0xaa, 0xff, 0xdf, 0xdf, 0xfa,
    0x0, 0x7f, 0xa1, 0xa, 0xff, 0xff, 0xff, 0xfa,
    0x0, 0x7f, 0xa0, 0xa, 0xff, 0xff, 0xff, 0xfa,
    0x0, 0x1, 0x0, 0x0, 0x0, 0x0, 0x0, 0x0,

    /* U+5EA6 "度" */
    0x0, 0x0, 0x0, 0x1, 0x35, 0x30, 0x0, 0x0,
    0x0, 0x0, 0x0, 0xe, 0xff, 0xc0, 0x0, 0x0,
    0x1, 0xff, 0xff, 0xff, 0xff, 0xff, 0xff, 0xf6,
    0x1, 0xff, 0xff, 0xff, 0xff, 0xff, 0xff, 0xf7,
    0x1, 0xff, 0xf8, 0xff, 0xf8, 0x9f, 0xfe, 0x83,
    0x1, 0xff, 0xff, 0xff, 0xff, 0xff, 0xff, 0xf6,
    0x1, 0xff, 0xff, 0xff, 0xff, 0xff, 0xff, 0xf6,
    0x1, 0xff, 0xe0, 0xef, 0xf7, 0x8f, 0xfc, 0x0,
    0x2, 0xff, 0xd0, 0xef, 0xff, 0xff, 0xfc, 0x0,
    0x3, 0xff, 0xc0, 0x78, 0x88, 0x88, 0x86, 0x0,
    0x6, 0xff, 0xae, 0xff, 0xff, 0xff, 0xff, 0xf1,
    0xa, 0xff, 0x6e, 0xff, 0xff, 0xff, 0xff, 0xf1,
    0xf, 0xff, 0x26, 0xff, 0xc3, 0x4c, 0xff, 0xa0,
    0x7f, 0xfd, 0x0, 0xaf, 0xff, 0xff, 0xf8, 0x0,
    0xaf, 0xf9, 0xce, 0xff, 0xff, 0xff, 0xfc, 0x96,
    0xa, 0xf2, 0xef, 0xff, 0xc8, 0xaf, 0xff, 0xf6,
    0x0, 0x50, 0x67, 0x40, 0x0, 0x0, 0x37, 0x90,

    /* U+5F0F "式" */
    0x0, 0x0, 0x0, 0x0, 0x0, 0x10, 0x0, 0x0,
    0x0, 0x0, 0x0, 0x0, 0xef, 0xf4, 0xb9, 0x0,
    0x0, 0x0, 0x0, 0x0, 0xdf, 0xfa, 0xff, 0x40,
    0x0, 0x0, 0x0, 0x0, 0xdf, 0xf2, 0xef, 0x70,
    0x6f, 0xff, 0xff, 0xff, 0xff, 0xff, 0xff, 0xf1,
    0x7f, 0xff, 0xff, 0xff, 0xff, 0xff, 0xff, 0xf1,
    0x38, 0x88, 0x88, 0x88, 0xdf, 0xfa, 0x88, 0x80,
    0x3, 0x33, 0x33, 0x33, 0x9f, 0xf5, 0x0, 0x0,
    0x1f, 0xff, 0xff, 0xff, 0x8f, 0xf6, 0x0, 0x0,
    0x1f, 0xff, 0xff, 0xff, 0x7f, 0xf8, 0x0, 0x0,
    0x1, 0x1f, 0xfe, 0x11, 0x5f, 0xfa, 0x3, 0x0,
    0x0, 0xf, 0xfe, 0x0, 0x2f, 0xfd, 0xd, 0xf9,
    0x0, 0xf, 0xfe, 0x8a, 0x4e, 0xff, 0x4f, 0xfb,
    0x9e, 0xff, 0xff, 0xff, 0x89, 0xff, 0xff, 0xf8,
    0x8f, 0xff, 0xff, 0xca, 0x51, 0xef, 0xff, 0xf3,
    0x38, 0x63, 0x10, 0x0, 0x0, 0x2b, 0xfe, 0x60,

    /* U+5F26 "弦" */
    0x0, 0x0, 0x0, 0x0, 0x0, 0x23, 0x0, 0x0,
    0x5, 0x66, 0x66, 0x40, 0x4, 0xff, 0xe0, 0x0,
    0x0, 0xdf, 0xff, 0xfb, 0x44, 0x4e, 0xff, 0x74,
    0x42, 0xc, 0xff, 0xff, 0xbe, 0xff, 0xff, 0xff,
    0xff, 0x90, 0x0, 0xe, 0xfb, 0xef, 0xff, 0xff,
    0xff, 0xf9, 0x4, 0x66, 0xff, 0xb3, 0x6f, 0xfe,
    0x39, 0x53, 0x20, 0xbf, 0xff, 0xfb, 0xa, 0xff,
    0x74, 0xff, 0xa0, 0xb, 0xff, 0xff, 0xa3, 0xff,
    0xd0, 0xdf, 0xf8, 0x0, 0xbf, 0xf0, 0x0, 0xef,
    0xff, 0xff, 0xfd, 0x0, 0xb, 0xff, 0x66, 0x4e,
    0xff, 0xff, 0xff, 0x30, 0x0, 0xbf, 0xff, 0xfb,
    0x56, 0x6f, 0xff, 0x72, 0x10, 0xb, 0xff, 0xff,
    0xb0, 0xa, 0xff, 0xec, 0xf8, 0x0, 0x0, 0xe,
    0xfb, 0x6, 0xff, 0xe2, 0xef, 0xe0, 0x0, 0x0,
    0xef, 0xc8, 0xff, 0xf7, 0x6d, 0xff, 0x50, 0x25,
    0x6f, 0xfd, 0xff, 0xff, 0xff, 0xff, 0xfa, 0x6,
    0xff, 0xff, 0xac, 0xff, 0xff, 0xff, 0xff, 0xf0,
    0x3f, 0xff, 0xd3, 0x36, 0x53, 0x20, 0x9, 0x93,
    0x0, 0x0, 0x0, 0x0, 0x0, 0x0, 0x0, 0x0,
    0x0,

    /* U+5F62 "形" */
    0x0, 0x0, 0x0, 0x0, 0x0, 0x0, 0x0, 0x70,
    0x0, 0x9f, 0xff, 0xff, 0xff, 0xe0, 0x2, 0xdf,
    0xb0, 0x9, 0xff, 0xff, 0xff, 0xfe, 0x8, 0xff,
    0xff, 0x30, 0x4b, 0xff, 0xaf, 0xfe, 0xae, 0xff,
    0xfd, 0x20, 0x0, 0x6f, 0xf5, 0xef, 0xd2, 0xff,
    0xf9, 0x0, 0x0, 0x6, 0xff, 0x5e, 0xfd, 0xc,
    0xc3, 0x2, 0x10, 0x0, 0x6f, 0xf5, 0xef, 0xd0,
    0x10, 0x5, 0xfc, 0x0, 0x7b, 0xff, 0xaf, 0xfe,
    0x81, 0x19, 0xff, 0xf7, 0xd, 0xff, 0xff, 0xff,
    0xff, 0x9e, 0xff, 0xf9, 0x0, 0xdf, 0xff, 0xff,
    0xff, 0xff, 0xff, 0xd4, 0x0, 0x0, 0xaf, 0xf1,
    0xef, 0xd0, 0xce, 0x60, 0x3, 0x0, 0xf, 0xfe,
    0xe, 0xfd, 0x1, 0x0, 0x2c, 0xf2, 0x6, 0xff,
    0x90, 0xef, 0xd0, 0x1, 0x8f, 0xff, 0xa0, 0xef,
    0xf3, 0xe, 0xfd, 0x3a, 0xff, 0xff, 0x90, 0x1c,
    0xfb, 0x0, 0xef, 0xd2, 0xff, 0xfb, 0x30, 0x0,
    0xa, 0x20, 0xe, 0xfd, 0xa, 0xa3, 0x0, 0x0,

    /* U+5FAA "循" */
    0x0, 0x2, 0x10, 0x0, 0x0, 0x0, 0x0, 0x12,
    0x0, 0x0, 0xce, 0x54, 0x33, 0x34, 0x68, 0xcf,
    0xe1, 0x0, 0x9f, 0xfc, 0xff, 0xff, 0xff, 0xff,
    0xff, 0x90, 0x9f, 0xfc, 0x2f, 0xff, 0xfe, 0xff,
    0xd5, 0x10, 0xe, 0xfe, 0x11, 0xff, 0xa6, 0x8f,
    0xfd, 0x66, 0x60, 0xae, 0x69, 0x2f, 0xff, 0xff,
    0xff, 0xff, 0xff, 0x4, 0x3d, 0xfd, 0xff, 0xca,
    0xcf, 0xfd, 0xaa, 0x90, 0xb, 0xff, 0x9f, 0xfd,
    0xcd, 0xff, 0xdc, 0xc9, 0xb, 0xff, 0xf3, 0xff,
    0xff, 0xff, 0xff, 0xff, 0xd0, 0xef, 0xff, 0x4f,
    0xff, 0xff, 0x64, 0x5f, 0xfd, 0xa, 0xff, 0xf6,
    0xff, 0xff, 0xff, 0xff, 0xff, 0xd0, 0x6c, 0xff,
    0x8f, 0xfd, 0xff, 0xcb, 0xbf, 0xfd, 0x0, 0x6f,
    0xfc, 0xff, 0xbf, 0xfa, 0x99, 0xff, 0xd0, 0x6,
    0xff, 0xff, 0xdb, 0xff, 0xff, 0xff, 0xfd, 0x0,
    0x6f, 0xfe, 0xf8, 0xbf, 0xff, 0xff, 0xff, 0xd0,
    0x6, 0xff, 0x2b, 0x3b, 0xff, 0xff, 0xff, 0xfd,
    0x0, 0x1, 0x10, 0x0, 0x0, 0x0, 0x0, 0x0,
    0x0,

    /* U+6027 "性" */
    0x0, 0xe, 0xff, 0x0, 0x0, 0xf, 0xff, 0x10,
    0x0, 0x0, 0xe, 0xff, 0x0, 0xdd, 0x7f, 0xff,
    0x10, 0x0, 0x0, 0xe, 0xff, 0xa2, 0xff, 0x8f,
    0xff, 0x10, 0x0, 0x1, 0xef, 0xff, 0xfb, 0xff,
    0xbf, 0xff, 0x87, 0x50, 0x4, 0xff, 0xff, 0xef,
    0xff, 0xff, 0xff, 0xff, 0xc0, 0x8, 0xff, 0xff,
    0xad, 0xff, 0xff, 0xff, 0xff, 0xb0, 0xd, 0xfe,
    0xff, 0xe, 0xfc, 0xf, 0xff, 0x10, 0x0, 0x2f,
    0xce, 0xff, 0x0, 0x33, 0xf, 0xff, 0x10, 0x0,
    0x3, 0x6e, 0xff, 0x0, 0xff, 0xff, 0xff, 0xff,
    0x70, 0x0, 0xe, 0xff, 0x0, 0xff, 0xff, 0xff,
    0xff, 0x70, 0x0, 0xe, 0xff, 0x0, 0x77, 0x7f,
    0xff, 0x77, 0x30, 0x0, 0xe, 0xff, 0x0, 0x0,
    0xf, 0xff, 0x10, 0x0, 0x0, 0xe, 0xff, 0x4,
    0x77, 0x7f, 0xff, 0x77, 0x70, 0x0, 0xe, 0xff,
    0xb, 0xff, 0xff, 0xff, 0xff, 0xf1, 0x0, 0xe,
    0xff, 0xb, 0xff, 0xff, 0xff, 0xff, 0xf1,

    /* U+626B "扫" */
    0x0, 0x1f, 0xff, 0x1, 0xff, 0xff, 0xff, 0xff,
    0xc0, 0x1, 0xff, 0xf0, 0x1f, 0xff, 0xff, 0xff,
    0xfc, 0x2, 0x3f, 0xff, 0x22, 0x66, 0x66, 0x68,
    0xff, 0xc0, 0xef, 0xff, 0xff, 0x80, 0x0, 0x0,
    0x3f, 0xfc, 0xe, 0xff, 0xff, 0xf8, 0x0, 0x0,
    0x3, 0xff, 0xc0, 0x35, 0xff, 0xf4, 0x20, 0x0,
    0x0, 0x3f, 0xfc, 0x0, 0x1f, 0xff, 0x0, 0x46,
    0x66, 0x67, 0xff, 0xc0, 0x3, 0xff, 0xfe, 0xac,
    0xff, 0xff, 0xff, 0xfc, 0x3f, 0xff, 0xff, 0xfd,
    0xcf, 0xff, 0xff, 0xff, 0xc0, 0xff, 0xff, 0xf7,
    0x40, 0x11, 0x11, 0x3f, 0xfc, 0x4, 0x4f, 0xff,
    0x0, 0x0, 0x0, 0x3, 0xff, 0xc0, 0x1, 0xff,
    0xf0, 0x0, 0x0, 0x0, 0x3f, 0xfc, 0x6, 0xaf,
    0xff, 0x4, 0x88, 0x88, 0x89, 0xff, 0xc0, 0x9f,
    0xff, 0xe0, 0x9f, 0xff, 0xff, 0xff, 0xfc, 0x6,
    0xff, 0xf6, 0x8, 0xee, 0xee, 0xee, 0xee, 0xb0,

    /* U+6362 "换" */
    0x0, 0x0, 0x0, 0x0, 0x10, 0x0, 0x0, 0x0,
    0x0, 0xb, 0xff, 0x20, 0xf, 0xfd, 0x0, 0x0,
    0x0, 0x0, 0xbf, 0xf2, 0x7, 0xff, 0xfe, 0xee,
    0xe2, 0x0, 0x1b, 0xff, 0x32, 0xff, 0xff, 0xff,
    0xff, 0x20, 0xe, 0xff, 0xff, 0xef, 0xf8, 0x44,
    0xef, 0xf0, 0x0, 0xef, 0xff, 0xfb, 0xff, 0xff,
    0xff, 0xff, 0xf1, 0x4, 0xcf, 0xf6, 0x6f, 0xff,
    0xff, 0xff, 0xff, 0x10, 0xb, 0xff, 0x26, 0xff,
    0x9f, 0xfe, 0xcf, 0xf1, 0x0, 0xbf, 0xfc, 0x6f,
    0xf3, 0xef, 0xb8, 0xff, 0x11, 0xbf, 0xff, 0xfb,
    0xff, 0x8f, 0xfd, 0xbf, 0xf5, 0xf, 0xff, 0xfd,
    0xff, 0xff, 0xff, 0xff, 0xff, 0xb0, 0xce, 0xff,
    0x2e, 0xff, 0xff, 0xff, 0xff, 0xfa, 0x0, 0xbf,
    0xf2, 0x0, 0x1e, 0xff, 0xfc, 0x0, 0x0, 0xb,
    0xff, 0x20, 0x4e, 0xff, 0xff, 0xfb, 0x10, 0x6,
    0xef, 0xf3, 0xcf, 0xff, 0xd1, 0xdf, 0xff, 0x70,
    0xcf, 0xff, 0xc, 0xff, 0xc1, 0x1, 0xcf, 0xf5,
    0x9, 0xff, 0x70, 0x4d, 0x60, 0x0, 0x0, 0x7d,
    0x0, 0x0, 0x0, 0x0, 0x0, 0x0, 0x0, 0x0,
    0x0,

    /* U+63CF "描" */
    0x0, 0x6f, 0xf7, 0x0, 0xce, 0xe0, 0x9e, 0xe3,
    0x0, 0x6, 0xff, 0x72, 0x6e, 0xff, 0x6c, 0xff,
    0x84, 0x0, 0x6f, 0xf7, 0x7f, 0xff, 0xff, 0xff,
    0xff, 0xd0, 0xad, 0xff, 0xdd, 0xff, 0xff, 0xff,
    0xff, 0xfd, 0xe, 0xff, 0xff, 0xa0, 0xef, 0xf0,
    0xaf, 0xf4, 0x0, 0x7b, 0xff, 0xc6, 0x7d, 0xdd,
    0x7b, 0xdd, 0x84, 0x0, 0x6f, 0xf7, 0x2f, 0xff,
    0xff, 0xff, 0xff, 0xb0, 0x6, 0xff, 0xc8, 0xff,
    0xff, 0xff, 0xff, 0xfb, 0x19, 0xdf, 0xff, 0xef,
    0xfa, 0x6f, 0xf1, 0xff, 0xb0, 0xef, 0xff, 0xb6,
    0xff, 0xfe, 0xff, 0xef, 0xfb, 0x8, 0xcf, 0xf7,
    0x2f, 0xff, 0xff, 0xff, 0xff, 0xb0, 0x6, 0xff,
    0x72, 0xff, 0xca, 0xff, 0x7f, 0xfb, 0x5, 0xaf,
    0xf7, 0x2f, 0xfc, 0xaf, 0xf7, 0xff, 0xb0, 0xcf,
    0xff, 0x62, 0xff, 0xff, 0xff, 0xff, 0xfb, 0x9,
    0xff, 0xd1, 0x2f, 0xff, 0xff, 0xff, 0xff, 0xb0,

    /* U+6570 "数" */
    0x0, 0x0, 0x0, 0x0, 0x0, 0x3, 0x10, 0x0,
    0x0, 0x2, 0xb2, 0xcf, 0xf3, 0xc3, 0x1f, 0xfc,
    0x0, 0x0, 0xa, 0xfe, 0xdf, 0xfc, 0xfc, 0x4f,
    0xf8, 0x0, 0x0, 0x2, 0xea, 0xdf, 0xf8, 0xf4,
    0x8f, 0xfd, 0xcc, 0xc0, 0xb, 0xff, 0xff, 0xff,
    0xfd, 0xdf, 0xff, 0xff, 0xf1, 0xb, 0xff, 0xff,
    0xff, 0xff, 0xff, 0xe8, 0xff, 0xb0, 0x1, 0xaf,
    0xff, 0xfa, 0xab, 0xff, 0xe3, 0xff, 0x60, 0xe,
    0xff, 0xff, 0xff, 0xff, 0xff, 0xf5, 0xff, 0x50,
    0x9, 0xf7, 0xcf, 0xf4, 0xfe, 0xff, 0xfc, 0xff,
    0x20, 0x6, 0x7a, 0xfe, 0xa4, 0x86, 0x9f, 0xff,
    0xfe, 0x0, 0xe, 0xff, 0xff, 0xff, 0xfb, 0xe,
    0xff, 0xf8, 0x0, 0xe, 0xff, 0xff, 0xff, 0xfb,
    0x7, 0xff, 0xf1, 0x0, 0x0, 0xbf, 0xf7, 0xbf,
    0xf6, 0x1c, 0xff, 0xf4, 0x0, 0x0, 0x8e, 0xff,
    0xff, 0xe4, 0xdf, 0xff, 0xff, 0x40, 0x8, 0xcf,
    0xff, 0xff, 0xff, 0xff, 0xeb, 0xff, 0xd0, 0x7,
    0xff, 0xfd, 0x8e, 0xf6, 0xde, 0x20, 0xbf, 0x30,
    0x0, 0xa7, 0x40, 0x0, 0x70, 0x31, 0x0, 0x4,
    0x0,

    /* U+65B9 "方" */
    0x0, 0x0, 0x0, 0x0, 0x0, 0x0, 0x0, 0x0,
    0x0, 0x0, 0x1, 0x9c, 0xe6, 0x0, 0x0, 0x0,
    0x0, 0x0, 0x0, 0xdf, 0xfa, 0x0, 0x0, 0x0,
    0x8, 0x88, 0x88, 0xbf, 0xfe, 0x88, 0x88, 0x81,
    0x1f, 0xff, 0xff, 0xff, 0xff, 0xff, 0xff, 0xf3,
    0xf, 0xff, 0xff, 0xff, 0xff, 0xff, 0xff, 0xf2,
    0x0, 0x0, 0xef, 0xf3, 0x0, 0x0, 0x0, 0x0,
    0x0, 0x0, 0xef, 0xf8, 0x66, 0x66, 0x66, 0x10,
    0x0, 0x0, 0xef, 0xff, 0xff, 0xff, 0xff, 0x40,
    0x0, 0x0, 0xff, 0xff, 0xff, 0xff, 0xff, 0x40,
    0x0, 0x3, 0xff, 0xe0, 0x0, 0xc, 0xff, 0x40,
    0x0, 0xa, 0xff, 0x90, 0x0, 0xc, 0xff, 0x40,
    0x0, 0x5f, 0xff, 0x20, 0x0, 0xc, 0xff, 0x40,
    0x6, 0xff, 0xfa, 0x0, 0x0, 0xc, 0xff, 0x40,
    0x7f, 0xff, 0xd0, 0x1, 0x66, 0x7f, 0xff, 0x30,
    0x1e, 0xfe, 0x20, 0x1, 0xff, 0xff, 0xff, 0x0,
    0x4, 0xc1, 0x0, 0x0, 0xdf, 0xff, 0xe5, 0x0,
    0x0, 0x0, 0x0, 0x0, 0x0, 0x0, 0x0, 0x0,

    /* U+65E0 "无" */
    0x0, 0xaf, 0xff, 0xff, 0xff, 0xff, 0xff, 0xf5,
    0x0, 0xa, 0xff, 0xff, 0xff, 0xff, 0xff, 0xff,
    0x50, 0x0, 0x57, 0x77, 0x7e, 0xff, 0xa7, 0x77,
    0x72, 0x0, 0x0, 0x0, 0x0, 0xcf, 0xf5, 0x0,
    0x0, 0x0, 0x0, 0x0, 0x0, 0xc, 0xff, 0x50,
    0x0, 0x0, 0x0, 0x8f, 0xff, 0xff, 0xff, 0xff,
    0xff, 0xff, 0xf1, 0x9, 0xff, 0xff, 0xff, 0xff,
    0xff, 0xff, 0xff, 0x10, 0x59, 0x99, 0x9c, 0xff,
    0xe9, 0x99, 0x99, 0x90, 0x0, 0x0, 0x0, 0xdf,
    0xfd, 0x98, 0x0, 0x0, 0x0, 0x0, 0x0, 0x8f,
    0xff, 0xff, 0xe0, 0x0, 0x0, 0x0, 0x0, 0x8f,
    0xff, 0xaf, 0xfe, 0x0, 0xa6, 0x10, 0x2, 0xbf,
    0xff, 0xc2, 0xff, 0xe0, 0xf, 0xf8, 0x8, 0xff,
    0xff, 0xd1, 0x2f, 0xff, 0x89, 0xff, 0x80, 0xcf,
    0xff, 0xb1, 0x0, 0xff, 0xff, 0xff, 0xf6, 0x2,
    0xff, 0x60, 0x0, 0x6, 0xef, 0xff, 0xfb, 0x0,
    0x4, 0x10, 0x0, 0x0, 0x0, 0x0, 0x0, 0x0,

    /* U+65F6 "时" */
    0x24, 0x44, 0x44, 0x40, 0x0, 0x0, 0xff, 0xe0,
    0xaf, 0xff, 0xff, 0xf1, 0x0, 0x0, 0xff, 0xe0,
    0xaf, 0xfe, 0xff, 0xf3, 0x88, 0x88, 0xff, 0xf7,
    0xaf, 0xf1, 0xcf, 0xf6, 0xff, 0xff, 0xff, 0xff,
    0xaf, 0xf1, 0xcf, 0xf6, 0xff, 0xff, 0xff, 0xfe,
    0xaf, 0xf1, 0xcf, 0xf1, 0x0, 0x0, 0xff, 0xe0,
    0xaf, 0xf7, 0xef, 0xf1, 0x6e, 0x40, 0xff, 0xe0,
    0xaf, 0xff, 0xff, 0xf2, 0xff, 0xc0, 0xff, 0xe0,
    0xaf, 0xff, 0xff, 0xf1, 0x8f, 0xf3, 0xff, 0xe0,
    0xaf, 0xf1, 0xcf, 0xf1, 0x2f, 0xf6, 0xff, 0xe0,
    0xaf, 0xf1, 0xcf, 0xf1, 0xa, 0x30, 0xff, 0xe0,
    0xaf, 0xf1, 0xcf, 0xf1, 0x0, 0x0, 0xff, 0xe0,
    0xaf, 0xf7, 0xef, 0xf1, 0x0, 0x0, 0xff, 0xe0,
    0xaf, 0xff, 0xff, 0xf1, 0x4, 0x78, 0xff, 0xe0,
    0xaf, 0xff, 0xff, 0xf1, 0x6, 0xff, 0xff, 0xc0,
    0x0, 0x0, 0x0, 0x0, 0x2, 0xff, 0xfe, 0x50,

    /* U+666E "普" */
    0x0, 0x1, 0x46, 0x60, 0x1, 0x75, 0x30, 0x0,
    0x0, 0x16, 0xff, 0xf2, 0x15, 0xff, 0xf2, 0x10,
    0xa, 0xff, 0xff, 0xff, 0xff, 0xff, 0xff, 0xf3,
    0xa, 0xff, 0xff, 0xff, 0xff, 0xff, 0xff, 0xf3,
    0x4, 0xae, 0x6e, 0xff, 0x7f, 0xfb, 0xcb, 0x70,
    0x2, 0xef, 0x9e, 0xff, 0x4f, 0xfb, 0xff, 0x90,
    0x2f, 0xff, 0xff, 0xff, 0xff, 0xff, 0xff, 0xfa,
    0x2f, 0xff, 0xff, 0xff, 0xff, 0xff, 0xff, 0xfa,
    0x6, 0x77, 0x77, 0x77, 0x77, 0x77, 0x77, 0x64,
    0x0, 0xff, 0xff, 0xff, 0xff, 0xff, 0xff, 0x80,
    0x0, 0xff, 0xff, 0xff, 0xff, 0xff, 0xff, 0x80,
    0x0, 0xff, 0xf6, 0x66, 0x66, 0x6a, 0xff, 0x80,
    0x0, 0xff, 0xff, 0xff, 0xff, 0xff, 0xff, 0x80,
    0x0, 0xff, 0xfb, 0xbb, 0xbb, 0xbd, 0xff, 0x80,
    0x0, 0xff, 0xf5, 0x55, 0x55, 0x5a, 0xff, 0x80,
    0x0, 0xff, 0xff, 0xff, 0xff, 0xff, 0xff, 0x80,
    0x0, 0xff, 0xff, 0xff, 0xff, 0xff, 0xff, 0x80,

    /* U+6807 "标" */
    0x0, 0x2f, 0xfc, 0x2, 0x88, 0x88, 0x88, 0x88,
    0x20, 0x2, 0xff, 0xc0, 0x4f, 0xff, 0xff, 0xff,
    0xf4, 0x0, 0x2f, 0xfc, 0x4, 0xff, 0xff, 0xff,
    0xff, 0x30, 0xbd, 0xff, 0xfc, 0x40, 0x0, 0x0,
    0x0, 0x0, 0xe, 0xff, 0xff, 0xf5, 0x0, 0x0,
    0x0, 0x0, 0x0, 0xbf, 0xff, 0xfc, 0xef, 0xff,
    0xff, 0xff, 0xfa, 0x2, 0xff, 0xff, 0x6b, 0xff,
    0xff, 0xff, 0xff, 0xa0, 0x7f, 0xff, 0xff, 0x97,
    0x7b, 0xff, 0x97, 0x75, 0xd, 0xff, 0xff, 0xfa,
    0xa6, 0x9f, 0xf6, 0x76, 0x2, 0xff, 0xff, 0xde,
    0x8f, 0xf9, 0xff, 0xef, 0xe0, 0xb, 0xcf, 0xfc,
    0x4c, 0xfc, 0x8f, 0xf9, 0xff, 0x40, 0x47, 0xff,
    0xc4, 0xff, 0x68, 0xff, 0x4f, 0xfa, 0x0, 0x2f,
    0xfc, 0x1b, 0xf6, 0xcf, 0xf4, 0xbe, 0x50, 0x2,
    0xff, 0xc0, 0x5, 0xff, 0xff, 0x33, 0x0, 0x0,
    0x2f, 0xfc, 0x0, 0xf, 0xff, 0xc0, 0x0, 0x0,

    /* U+6A21 "模" */
    0x0, 0x4f, 0xf8, 0x3f, 0xff, 0xff, 0xff, 0xff,
    0xc0, 0x0, 0x4f, 0xf8, 0x3f, 0xff, 0xff, 0xff,
    0xff, 0xc0, 0x0, 0x4f, 0xf8, 0x19, 0xef, 0xfa,
    0xcf, 0xfb, 0x70, 0xc, 0xef, 0xfe, 0x98, 0xff,
    0xfa, 0xef, 0xfc, 0x40, 0xe, 0xff, 0xff, 0xbe,
    0xff, 0xff, 0xff, 0xff, 0x80, 0xa, 0xff, 0xfd,
    0x7e, 0xff, 0x99, 0x9b, 0xff, 0x80, 0x1, 0xff,
    0xfe, 0x2e, 0xff, 0xff, 0xff, 0xff, 0x80, 0x4,
    0xff, 0xff, 0xdf, 0xff, 0x99, 0x9b, 0xff, 0x80,
    0x8, 0xff, 0xff, 0xee, 0xff, 0xff, 0xff, 0xff,
    0x80, 0xe, 0xff, 0xfd, 0x78, 0x99, 0xef, 0xfa,
    0x99, 0x40, 0x1f, 0xff, 0xf8, 0x4f, 0xff, 0xff,
    0xff, 0xff, 0xc0, 0x8, 0xbf, 0xf8, 0x3f, 0xff,
    0xff, 0xff, 0xff, 0xd0, 0x0, 0x5f, 0xf8, 0x3,
    0x9f, 0xfe, 0xff, 0x92, 0x10, 0x0, 0x4f, 0xf8,
    0x9f, 0xff, 0xa0, 0x8f, 0xff, 0xa0, 0x0, 0x4f,
    0xf8, 0x1d, 0xc4, 0x0, 0x3, 0xbe, 0x20, 0x0,
    0x0, 0x0, 0x0, 0x0, 0x0, 0x0, 0x0, 0x0,

    /* U+6B63 "正" */
    0x6, 0x66, 0x66, 0x66, 0x66, 0x66, 0x66, 0x40,
    0x2f, 0xff, 0xff, 0xff, 0xff, 0xff, 0xff, 0xa0,
    0x2f, 0xff, 0xff, 0xff, 0xff, 0xff, 0xff, 0xa0,
    0x1, 0x11, 0x11, 0x18, 0xff, 0x91, 0x11, 0x0,
    0x0, 0x27, 0x73, 0x8, 0xff, 0x90, 0x0, 0x0,
    0x0, 0x5f, 0xf8, 0x8, 0xff, 0x90, 0x0, 0x0,
    0x0, 0x5f, 0xf8, 0x8, 0xff, 0xb4, 0x44, 0x20,
    0x0, 0x5f, 0xf8, 0x8, 0xff, 0xff, 0xff, 0x70,
    0x0, 0x5f, 0xf8, 0x8, 0xff, 0xff, 0xff, 0x70,
    0x0, 0x5f, 0xf8, 0x8, 0xff, 0xa2, 0x22, 0x0,
    0x0, 0x5f, 0xf8, 0x8, 0xff, 0x90, 0x0, 0x0,
    0x0, 0x5f, 0xf8, 0x8, 0xff, 0x90, 0x0, 0x0,
    0x57, 0xaf, 0xfc, 0x7b, 0xff, 0xc7, 0x77, 0x71,
    0xbf, 0xff, 0xff, 0xff, 0xff, 0xff, 0xff, 0xf3,
    0xbf, 0xff, 0xff, 0xff, 0xff, 0xff, 0xff, 0xf3,

    /* U+6BD4 "比" */
    0x1f, 0xff, 0x0, 0x2, 0xff, 0xe0, 0x0, 0x0,
    0x1, 0xff, 0xf0, 0x0, 0x2f, 0xfe, 0x0, 0x0,
    0x0, 0x1f, 0xff, 0x0, 0x2, 0xff, 0xe0, 0x2,
    0x40, 0x1, 0xff, 0xf0, 0x0, 0x2f, 0xfe, 0x3,
    0xef, 0x40, 0x1f, 0xff, 0x55, 0x53, 0xff, 0xe7,
    0xff, 0xfc, 0x1, 0xff, 0xff, 0xff, 0x3f, 0xff,
    0xff, 0xf9, 0x0, 0x1f, 0xff, 0xff, 0xf3, 0xff,
    0xff, 0xe4, 0x0, 0x1, 0xff, 0xf2, 0x22, 0x2f,
    0xff, 0x80, 0x0, 0x0, 0x1f, 0xff, 0x0, 0x2,
    0xff, 0xe0, 0x0, 0x0, 0x1, 0xff, 0xf0, 0x0,
    0x2f, 0xfe, 0x0, 0x76, 0x20, 0x1f, 0xff, 0x0,
    0x2, 0xff, 0xe0, 0xc, 0xfe, 0x1, 0xff, 0xf5,
    0x9d, 0x5f, 0xff, 0x0, 0xcf, 0xe0, 0x5f, 0xff,
    0xff, 0xf5, 0xff, 0xfb, 0xaf, 0xfe, 0x4, 0xff,
    0xff, 0xff, 0x3e, 0xff, 0xff, 0xff, 0xd0, 0xc,
    0xfb, 0x84, 0x0, 0x5d, 0xff, 0xff, 0xd4, 0x0,
    0x10, 0x0, 0x0, 0x0, 0x0, 0x0, 0x0, 0x0,

    /* U+6C60 "池" */
    0x7, 0xb6, 0x21, 0x66, 0x47, 0xff, 0x40, 0x0,
    0x0, 0xef, 0xff, 0xaf, 0xfc, 0x7f, 0xf4, 0x0,
    0x0, 0x18, 0xdf, 0xf6, 0xff, 0xc7, 0xff, 0x40,
    0x35, 0x0, 0x0, 0x38, 0x2f, 0xfd, 0x8f, 0xfe,
    0xff, 0xd0, 0x29, 0x51, 0x7, 0xff, 0xff, 0xff,
    0xff, 0xfd, 0x5, 0xff, 0xf9, 0xef, 0xff, 0xff,
    0xfd, 0xff, 0xd0, 0x9f, 0xff, 0x8b, 0xff, 0xea,
    0xff, 0x4f, 0xfd, 0x2, 0x69, 0xd4, 0x2f, 0xfc,
    0x7f, 0xf4, 0xff, 0xd0, 0x0, 0x10, 0x2, 0xff,
    0xc7, 0xff, 0x9f, 0xfd, 0x0, 0x5f, 0xe6, 0x2f,
    0xfc, 0x7f, 0xff, 0xff, 0xc0, 0x8, 0xff, 0x62,
    0xff, 0xc7, 0xff, 0xae, 0xd5, 0x0, 0xcf, 0xf3,
    0x2f, 0xfd, 0x7f, 0xf4, 0x8d, 0x81, 0x1f, 0xff,
    0x2, 0xff, 0xfa, 0x99, 0x9e, 0xff, 0x46, 0xff,
    0xc0, 0x1f, 0xff, 0xff, 0xff, 0xff, 0xf3, 0x5,
    0xb7, 0x0, 0x7e, 0xff, 0xff, 0xff, 0xfb, 0x0,
    0x0, 0x0, 0x0, 0x0, 0x0, 0x0, 0x0, 0x0,

    /* U+6CE2 "波" */
    0x6, 0x50, 0x0, 0x0, 0xc, 0xff, 0x10, 0x0,
    0x1f, 0xfe, 0x70, 0x0, 0xc, 0xff, 0x10, 0x0,
    0x6f, 0xff, 0xc9, 0xdd, 0xdf, 0xff, 0xdd, 0xd7,
    0x3, 0x9f, 0x4c, 0xff, 0xff, 0xff, 0xff, 0xf9,
    0x4, 0x0, 0xc, 0xff, 0xae, 0xff, 0xaf, 0xf8,
    0x4f, 0xe8, 0x2c, 0xff, 0xc, 0xff, 0x2c, 0xe6,
    0xaf, 0xff, 0xbc, 0xff, 0xcf, 0xff, 0xcc, 0xb0,
    0x49, 0xef, 0x6c, 0xff, 0xff, 0xff, 0xff, 0xe0,
    0x0, 0x4, 0xc, 0xff, 0x9d, 0x88, 0xff, 0xd0,
    0x6, 0xda, 0x2d, 0xff, 0xff, 0x35, 0xff, 0x80,
    0xa, 0xff, 0x3f, 0xfe, 0xef, 0xde, 0xff, 0x20,
    0xe, 0xff, 0x4f, 0xfb, 0x5f, 0xff, 0xf6, 0x0,
    0x2f, 0xfc, 0x8f, 0xf8, 0x8f, 0xff, 0xf8, 0x10,
    0x7f, 0xf9, 0xef, 0xff, 0xff, 0xff, 0xff, 0xf9,
    0x7f, 0xf4, 0x9f, 0xef, 0xfe, 0x53, 0xcf, 0xf7,
    0x0, 0x60, 0x5, 0x69, 0x81, 0x0, 0x4, 0xb1,

    /* U+6DF1 "深" */
    0x2, 0x0, 0x0, 0x0, 0x0, 0x0, 0x0, 0x0,
    0x0, 0xde, 0x92, 0xef, 0xff, 0xff, 0xff, 0xff,
    0xb0, 0x4f, 0xff, 0xff, 0xff, 0xff, 0xff, 0xff,
    0xfb, 0x3, 0xbf, 0xfb, 0xef, 0xf8, 0x77, 0x7a,
    0xff, 0xb0, 0x0, 0x17, 0x4e, 0xff, 0xe6, 0x7,
    0xbf, 0xfb, 0x5, 0xc9, 0x62, 0x6c, 0xff, 0xf6,
    0xff, 0xfc, 0x50, 0x9f, 0xff, 0xb8, 0xff, 0xef,
    0xcd, 0xaf, 0xf6, 0xb, 0xff, 0xf7, 0x1e, 0x81,
    0xff, 0xd0, 0x39, 0x0, 0x1, 0x59, 0x25, 0x66,
    0x6f, 0xfe, 0x66, 0x64, 0x0, 0x23, 0x0, 0xef,
    0xff, 0xff, 0xff, 0xff, 0xa0, 0x9, 0xff, 0x5e,
    0xff, 0xff, 0xff, 0xff, 0xfa, 0x0, 0xcf, 0xf3,
    0x0, 0xbf, 0xff, 0xff, 0x60, 0x0, 0x1f, 0xff,
    0x1, 0xbf, 0xff, 0xff, 0xff, 0x60, 0x6, 0xff,
    0xc2, 0xef, 0xf7, 0xff, 0xdb, 0xff, 0xb0, 0x8f,
    0xf8, 0xc, 0xf8, 0xf, 0xfd, 0xc, 0xf8, 0x0,
    0x28, 0x30, 0x27, 0x0, 0xff, 0xd0, 0x8, 0x0,

    /* U+70B9 "点" */
    0x0, 0x0, 0x0, 0xff, 0xf2, 0x0, 0x0, 0x0,
    0x0, 0x0, 0x0, 0xff, 0xf7, 0x55, 0x55, 0x40,
    0x0, 0x0, 0x0, 0xff, 0xff, 0xff, 0xff, 0xd0,
    0x0, 0x0, 0x0, 0xff, 0xfe, 0xee, 0xee, 0xc0,
    0x0, 0x22, 0x22, 0xff, 0xf4, 0x22, 0x22, 0x0,
    0x2, 0xff, 0xff, 0xff, 0xff, 0xff, 0xff, 0x20,
    0x2, 0xff, 0xff, 0xff, 0xff, 0xff, 0xff, 0x20,
    0x2, 0xff, 0xe5, 0x55, 0x55, 0x5f, 0xff, 0x20,
    0x2, 0xff, 0xe0, 0x0, 0x0, 0xe, 0xff, 0x20,
    0x2, 0xff, 0xe7, 0x77, 0x77, 0x7f, 0xff, 0x20,
    0x2, 0xff, 0xff, 0xff, 0xff, 0xff, 0xff, 0x20,
    0x2, 0xff, 0xff, 0xff, 0xff, 0xff, 0xff, 0x20,
    0x6, 0x85, 0x14, 0x61, 0x36, 0x80, 0x59, 0x60,
    0xe, 0xfe, 0x4f, 0xf8, 0x8f, 0xf4, 0xef, 0xe0,
    0x6f, 0xfa, 0xf, 0xfe, 0x4f, 0xf9, 0x8f, 0xf6,
    0x15, 0x94, 0x9, 0x86, 0x1a, 0x73, 0x28, 0x40,

    /* U+7387 "率" */
    0x0, 0x0, 0x0, 0x34, 0x63, 0x0, 0x0, 0x0,
    0x0, 0x0, 0x0, 0xaf, 0xfb, 0x0, 0x0, 0x0,
    0xa, 0xff, 0xff, 0xff, 0xff, 0xff, 0xff, 0xc0,
    0xb, 0xff, 0xff, 0xff, 0xff, 0xff, 0xff, 0xd0,
    0x5, 0xe8, 0x6e, 0xff, 0xaf, 0x96, 0x7f, 0x80,
    0xb, 0xff, 0xaf, 0xf9, 0xbf, 0xfa, 0xcf, 0xf3,
    0x6, 0xff, 0xff, 0xff, 0xff, 0xd3, 0xef, 0xb0,
    0x0, 0x19, 0x8d, 0xff, 0xff, 0xc8, 0x97, 0x0,
    0x1, 0xbd, 0x8f, 0xff, 0xed, 0xff, 0xfe, 0x60,
    0x3f, 0xff, 0xff, 0xff, 0xff, 0xff, 0xff, 0xf2,
    0xb, 0xfa, 0x69, 0x87, 0x65, 0xff, 0x9e, 0x90,
    0x1, 0x80, 0x0, 0x7e, 0xe8, 0x86, 0x13, 0x0,
    0x1e, 0xee, 0xee, 0xff, 0xff, 0xee, 0xee, 0xe2,
    0x1f, 0xff, 0xff, 0xff, 0xff, 0xff, 0xff, 0xf3,
    0x7, 0x77, 0x77, 0xbf, 0xfc, 0x77, 0x77, 0x71,
    0x0, 0x0, 0x0, 0x8f, 0xfa, 0x0, 0x0, 0x0,
    0x0, 0x0, 0x0, 0x8f, 0xfa, 0x0, 0x0, 0x0,

    /* U+73AF "环" */
    0xe, 0xff, 0xff, 0xf5, 0x66, 0x66, 0x66, 0x66,
    0x30, 0xef, 0xff, 0xff, 0x6f, 0xff, 0xff, 0xff,
    0xf8, 0x6, 0x9f, 0xfb, 0x74, 0xff, 0xff, 0xff,
    0xff, 0x80, 0x3, 0xff, 0x80, 0x1, 0x1a, 0xff,
    0x71, 0x10, 0x0, 0x3f, 0xf8, 0x0, 0x0, 0xef,
    0xf2, 0x0, 0x0, 0x47, 0xff, 0xa5, 0x0, 0x4f,
    0xfe, 0x0, 0x0, 0xd, 0xff, 0xff, 0xf1, 0xb,
    0xff, 0xf5, 0x72, 0x0, 0xdf, 0xff, 0xff, 0x14,
    0xff, 0xff, 0xef, 0x90, 0x2, 0x5f, 0xf9, 0x20,
    0xdf, 0xff, 0xfe, 0xff, 0x10, 0x3, 0xff, 0x80,
    0x8f, 0xff, 0xff, 0x8f, 0xf7, 0x0, 0x3f, 0xf8,
    0x8, 0xff, 0xcf, 0xf4, 0xef, 0xc0, 0x3, 0xff,
    0xee, 0x6f, 0xb6, 0xff, 0x49, 0xe2, 0xa, 0xef,
    0xff, 0xf8, 0x71, 0x6f, 0xf4, 0x31, 0x0, 0xef,
    0xff, 0xfb, 0x40, 0x6, 0xff, 0x40, 0x0, 0xa,
    0xe9, 0x40, 0x0, 0x0, 0x6f, 0xf4, 0x0, 0x0,
    0x0, 0x0, 0x0, 0x0, 0x6, 0xff, 0x40, 0x0,

    /* U+7535 "电" */
    0x0, 0x0, 0x1f, 0xfe, 0x0, 0x0, 0x0, 0x0,
    0x0, 0x1, 0xff, 0xe0, 0x0, 0x0, 0x0, 0xcf,
    0xff, 0xff, 0xff, 0xff, 0xff, 0xc0, 0xd, 0xff,
    0xff, 0xff, 0xff, 0xff, 0xfd, 0x0, 0xdf, 0xf7,
    0x7f, 0xff, 0x67, 0xff, 0xd0, 0xd, 0xff, 0x44,
    0xff, 0xf3, 0x4f, 0xfd, 0x0, 0xdf, 0xff, 0xff,
    0xff, 0xff, 0xff, 0xd0, 0xd, 0xff, 0xff, 0xff,
    0xff, 0xff, 0xfd, 0x0, 0xdf, 0xf4, 0x4f, 0xff,
    0x34, 0xff, 0xd0, 0xd, 0xff, 0xff, 0xff, 0xff,
    0xff, 0xfd, 0x0, 0xdf, 0xff, 0xff, 0xff, 0xff,
    0xff, 0xe5, 0x11, 0x22, 0x23, 0xff, 0xe2, 0x22,
    0x8f, 0xf8, 0x0, 0x0, 0x1f, 0xff, 0x0, 0x7,
    0xff, 0x80, 0x0, 0x0, 0xff, 0xfa, 0x88, 0xdf,
    0xf8, 0x0, 0x0, 0xc, 0xff, 0xff, 0xff, 0xff,
    0x60, 0x0, 0x0, 0x2b, 0xff, 0xff, 0xff, 0xa0,

    /* U+76F8 "相" */
    0x0, 0x8f, 0xf5, 0xb, 0xff, 0xff, 0xff, 0xfe,
    0x0, 0x8f, 0xf5, 0xb, 0xff, 0xff, 0xff, 0xfe,
    0x0, 0x8f, 0xf5, 0xb, 0xff, 0xa6, 0x8f, 0xfe,
    0xaf, 0xff, 0xff, 0xeb, 0xff, 0x60, 0x2f, 0xfe,
    0xbf, 0xff, 0xff, 0xeb, 0xff, 0xff, 0xff, 0xfe,
    0x3b, 0xff, 0xf9, 0x4b, 0xff, 0xff, 0xff, 0xfe,
    0xd, 0xff, 0xff, 0x3b, 0xff, 0xa7, 0x8f, 0xfe,
    0x2f, 0xff, 0xff, 0xec, 0xff, 0x60, 0x2f, 0xfe,
    0x8f, 0xff, 0xff, 0xfd, 0xff, 0xa6, 0x7f, 0xfe,
    0xdf, 0xef, 0xfc, 0xcb, 0xff, 0xff, 0xff, 0xfe,
    0x8f, 0x9f, 0xf6, 0x5b, 0xff, 0xff, 0xff, 0xfe,
    0xa, 0x8f, 0xf5, 0xb, 0xff, 0x60, 0x2f, 0xfe,
    0x0, 0x8f, 0xf5, 0xb, 0xff, 0xa7, 0x8f, 0xfe,
    0x0, 0x8f, 0xf5, 0xb, 0xff, 0xff, 0xff, 0xfe,
    0x0, 0x8f, 0xf5, 0xb, 0xff, 0xff, 0xff, 0xfe,
    0x0, 0x8f, 0xf5, 0x0, 0x0, 0x0, 0x0, 0x0,

    /* U+7A7A "空" */
    0x0, 0x0, 0x0, 0x0, 0x22, 0x0, 0x0, 0x0,
    0x0, 0x0, 0x0, 0xa, 0xff, 0xb0, 0x0, 0x0,
    0x0, 0x7, 0x88, 0x88, 0xaf, 0xff, 0x88, 0x88,
    0x84, 0x0, 0xdf, 0xff, 0xff, 0xff, 0xff, 0xff,
    0xff, 0x70, 0xd, 0xff, 0xff, 0xff, 0xff, 0xff,
    0xff, 0xf7, 0x0, 0xdf, 0xf1, 0x26, 0x0, 0x16,
    0x7, 0xff, 0x70, 0x8, 0xae, 0xbf, 0xf6, 0x9,
    0xff, 0xde, 0xa4, 0x3, 0xaf, 0xff, 0xff, 0xa0,
    0xbf, 0xff, 0xfe, 0x90, 0x2f, 0xff, 0xe9, 0x20,
    0x0, 0x18, 0xef, 0xfc, 0x0, 0xaa, 0xff, 0xff,
    0xff, 0xff, 0xff, 0xdd, 0x40, 0x0, 0xf, 0xff,
    0xff, 0xff, 0xff, 0xfa, 0x0, 0x0, 0x0, 0x77,
    0x79, 0xff, 0xe7, 0x77, 0x40, 0x0, 0x0, 0x0,
    0x0, 0x4f, 0xfe, 0x0, 0x0, 0x0, 0x1, 0x77,
    0x77, 0x79, 0xff, 0xe7, 0x77, 0x77, 0x50, 0x2f,
    0xff, 0xff, 0xff, 0xff, 0xff, 0xff, 0xfc, 0x2,
    0xff, 0xff, 0xff, 0xff, 0xff, 0xff, 0xff, 0xc0,

    /* U+7CFB "系" */
    0x0, 0x0, 0x0, 0x0, 0x0, 0x0, 0x13, 0x0,
    0x3, 0x55, 0x55, 0x56, 0x79, 0xbe, 0xff, 0x30,
    0x7, 0xff, 0xff, 0xff, 0xff, 0xff, 0xff, 0xc0,
    0x4, 0xff, 0xff, 0xff, 0xfa, 0x75, 0x31, 0x0,
    0x0, 0x12, 0xaf, 0xfe, 0x42, 0xce, 0xa4, 0x0,
    0x0, 0xaf, 0xff, 0xfd, 0xbf, 0xff, 0xd1, 0x0,
    0x0, 0xcf, 0xff, 0xff, 0xff, 0xfd, 0x60, 0x0,
    0x0, 0x8f, 0xff, 0xff, 0xff, 0xee, 0xf9, 0x0,
    0x0, 0x2, 0x7e, 0xff, 0xf7, 0x1e, 0xff, 0x50,
    0x3, 0xbf, 0xff, 0xff, 0xdd, 0xef, 0xff, 0xe1,
    0x2, 0xff, 0xff, 0xff, 0xff, 0xff, 0xff, 0xf9,
    0x0, 0xbc, 0xfa, 0x9f, 0xff, 0x58, 0x6e, 0xa2,
    0x0, 0x6e, 0xfb, 0x1f, 0xfe, 0x6f, 0xfc, 0x30,
    0x5e, 0xff, 0xfa, 0x6f, 0xfe, 0x3c, 0xff, 0xf9,
    0x1f, 0xfc, 0x2c, 0xff, 0xfe, 0x0, 0x7f, 0xf3,
    0x6, 0x50, 0x9, 0xff, 0xf7, 0x0, 0x3, 0x50,

    /* U+7EBF "线" */
    0x0, 0x0, 0x0, 0x0, 0x0, 0x0, 0x0, 0x0,
    0x0, 0xd, 0xb7, 0x0, 0x5, 0xff, 0xa8, 0xe1,
    0x0, 0x3, 0xff, 0xc0, 0x0, 0x4f, 0xfd, 0xff,
    0xa0, 0x0, 0x8f, 0xf5, 0x0, 0x4, 0xff, 0xaa,
    0xfc, 0x0, 0xe, 0xfd, 0x67, 0x2, 0x6f, 0xfd,
    0xbf, 0xd3, 0x6, 0xff, 0x6e, 0xfe, 0xff, 0xff,
    0xff, 0xff, 0x40, 0xcf, 0xff, 0xff, 0xbd, 0xff,
    0xff, 0xa8, 0x72, 0xa, 0xff, 0xff, 0xf2, 0x22,
    0xff, 0xe7, 0x9b, 0x80, 0x48, 0xef, 0xf7, 0x3e,
    0xff, 0xff, 0xff, 0xfb, 0x0, 0x7f, 0xfb, 0x24,
    0xff, 0xff, 0xfd, 0xef, 0x60, 0x4f, 0xff, 0xff,
    0xa7, 0x5e, 0xff, 0x7f, 0xfb, 0x6, 0xff, 0xff,
    0xfd, 0x0, 0xbf, 0xff, 0xff, 0x50, 0x1f, 0xda,
    0x63, 0x10, 0x3d, 0xff, 0xfd, 0xd6, 0x0, 0x3,
    0x6a, 0xde, 0xcf, 0xff, 0xfe, 0x3f, 0xf3, 0x5f,
    0xff, 0xff, 0xff, 0xff, 0xff, 0xff, 0xff, 0x3,
    0xff, 0xfe, 0xb7, 0xee, 0x68, 0xff, 0xff, 0xa0,
    0x9, 0x62, 0x0, 0x2, 0x0, 0x7, 0xef, 0xc1,
    0x0,

    /* U+7EC8 "终" */
    0x0, 0x12, 0x0, 0x0, 0x4, 0x32, 0x0, 0x0,
    0x0, 0x0, 0x6f, 0xe7, 0x0, 0x3f, 0xfe, 0x0,
    0x0, 0x0, 0x0, 0xaf, 0xf5, 0x0, 0xcf, 0xff,
    0xff, 0xff, 0x60, 0x0, 0xff, 0xe2, 0x8, 0xff,
    0xff, 0xff, 0xff, 0x60, 0x6, 0xff, 0x8f, 0xdf,
    0xff, 0xf6, 0x6f, 0xff, 0x40, 0xd, 0xff, 0x8f,
    0xff, 0xff, 0xfb, 0xbf, 0xfb, 0x0, 0xf, 0xff,
    0xff, 0xf6, 0x6c, 0xff, 0xff, 0xd1, 0x0, 0xe,
    0xff, 0xff, 0xa0, 0x5c, 0xff, 0xff, 0xd6, 0x10,
    0x4, 0x7f, 0xff, 0x5f, 0xff, 0xff, 0xff, 0xff,
    0xf0, 0x1, 0xdf, 0xf9, 0x7f, 0xff, 0xf5, 0x19,
    0xff, 0xb0, 0xb, 0xff, 0xff, 0xfc, 0xae, 0xff,
    0xeb, 0x8a, 0x60, 0x9, 0xff, 0xff, 0xf4, 0x1f,
    0xff, 0xff, 0xf9, 0x0, 0x3, 0x97, 0x43, 0x31,
    0x96, 0x66, 0x9d, 0xf5, 0x0, 0x3, 0x7a, 0xdf,
    0xfb, 0xff, 0xff, 0xc8, 0x61, 0x0, 0x9, 0xff,
    0xff, 0xfe, 0xef, 0xff, 0xff, 0xff, 0x0, 0x6,
    0xfe, 0xb8, 0x51, 0x2, 0x6a, 0xef, 0xfb, 0x0,
    0x1, 0x20, 0x0, 0x0, 0x0, 0x0, 0x2, 0x64,
    0x0,

    /* U+7EDF "统" */
    0x0, 0x1, 0x0, 0x0, 0x0, 0x24, 0x50, 0x0,
    0x0, 0x0, 0x5f, 0xd5, 0x0, 0x0, 0xef, 0xf1,
    0x0, 0x0, 0x0, 0xaf, 0xf4, 0x6, 0x77, 0xcf,
    0xf9, 0x77, 0x30, 0x0, 0xff, 0xd1, 0xe, 0xff,
    0xff, 0xff, 0xff, 0x70, 0x5, 0xff, 0x8f, 0xbf,
    0xff, 0xff, 0xff, 0xff, 0x60, 0xc, 0xff, 0x9f,
    0xfa, 0x4f, 0xfe, 0x15, 0xa1, 0x0, 0xf, 0xff,
    0xff, 0xf4, 0xef, 0xf3, 0x3f, 0xf9, 0x0, 0xe,
    0xff, 0xff, 0x8c, 0xff, 0xec, 0xdf, 0xff, 0x30,
    0x3, 0x7f, 0xfd, 0xa, 0xff, 0xff, 0xff, 0xff,
    0xc0, 0x2, 0xef, 0xf7, 0x75, 0xcf, 0xfb, 0xff,
    0xde, 0x30, 0xc, 0xff, 0xff, 0xf0, 0x8f, 0xf6,
    0xff, 0x51, 0x0, 0x8, 0xff, 0xfd, 0xb0, 0xbf,
    0xf5, 0xff, 0x45, 0x10, 0x1, 0x45, 0x7a, 0xe3,
    0xff, 0xc5, 0xff, 0x5f, 0xf0, 0x9, 0xff, 0xff,
    0xfe, 0xff, 0x65, 0xff, 0xaf, 0xf0, 0x8, 0xff,
    0xfd, 0xaf, 0xfe, 0x4, 0xff, 0xff, 0xf0, 0x3,
    0x95, 0x10, 0x3, 0xe3, 0x0, 0xcf, 0xff, 0x90,
    0x0, 0x0, 0x0, 0x0, 0x0, 0x0, 0x0, 0x0,
    0x0,

    /* U+7F6E "置" */
    0x4f, 0xff, 0xff, 0xff, 0xff, 0xff, 0xff, 0x90,
    0x4f, 0xff, 0xef, 0xfe, 0xff, 0xfe, 0xff, 0x90,
    0x4f, 0xfe, 0xbf, 0xfb, 0xff, 0xec, 0xff, 0x90,
    0x4f, 0xff, 0xff, 0xff, 0xff, 0xff, 0xff, 0x80,
    0x7b, 0xbb, 0xbb, 0xef, 0xfd, 0xbb, 0xbb, 0xb0,
    0xbf, 0xff, 0xff, 0xff, 0xff, 0xff, 0xff, 0xf0,
    0x15, 0x99, 0x99, 0xef, 0xfc, 0x99, 0x98, 0x20,
    0x5, 0xff, 0xff, 0xff, 0xff, 0xff, 0xfd, 0x0,
    0x5, 0xff, 0xfa, 0xaa, 0xaa, 0xcf, 0xfd, 0x0,
    0x5, 0xff, 0xff, 0xff, 0xff, 0xff, 0xfd, 0x0,
    0x5, 0xff, 0xfa, 0xaa, 0xaa, 0xcf, 0xfd, 0x0,
    0x5, 0xff, 0xfb, 0xbb, 0xbb, 0xdf, 0xfd, 0x0,
    0x5, 0xff, 0xff, 0xff, 0xff, 0xff, 0xfd, 0x0,
    0xce, 0xff, 0xff, 0xff, 0xff, 0xff, 0xff, 0xe5,
    0xef, 0xff, 0xff, 0xff, 0xff, 0xff, 0xff, 0xf6,

    /* U+89D2 "角" */
    0x0, 0x0, 0x43, 0x0, 0x0, 0x0, 0x0, 0x0,
    0x0, 0x3, 0xff, 0xf6, 0x22, 0x22, 0x21, 0x0,
    0x0, 0x2e, 0xff, 0xff, 0xff, 0xff, 0xf8, 0x0,
    0x3, 0xef, 0xff, 0xff, 0xff, 0xff, 0xf8, 0x0,
    0xe, 0xff, 0xf7, 0x55, 0x56, 0xff, 0xf6, 0x20,
    0x5, 0xff, 0xff, 0xff, 0xff, 0xff, 0xff, 0xf1,
    0x0, 0xef, 0xff, 0xff, 0xff, 0xff, 0xff, 0xf1,
    0x0, 0xef, 0xf4, 0x2d, 0xff, 0x32, 0xef, 0xf1,
    0x0, 0xef, 0xfe, 0xef, 0xff, 0xee, 0xff, 0xf1,
    0x0, 0xff, 0xff, 0xff, 0xff, 0xff, 0xff, 0xf1,
    0x0, 0xff, 0xf2, 0x2d, 0xff, 0x22, 0xef, 0xf1,
    0x1, 0xff, 0xff, 0xff, 0xff, 0xff, 0xff, 0xf1,
    0x4, 0xff, 0xff, 0xff, 0xff, 0xff, 0xff, 0xf1,
    0x8, 0xff, 0xb2, 0x2d, 0xff, 0x32, 0xef, 0xf1,
    0xd, 0xff, 0x60, 0xd, 0xff, 0x13, 0xff, 0xf1,
    0x9, 0xff, 0x20, 0xd, 0xff, 0x6f, 0xff, 0xf0,
    0x0, 0x4b, 0x0, 0xd, 0xff, 0x3f, 0xff, 0x80,
    0x0, 0x0, 0x0, 0x0, 0x0, 0x0, 0x0, 0x0,

    /* U+8C03 "调" */
    0x0, 0x2, 0x0, 0x0, 0x0, 0x0, 0x0, 0x0,
    0x0, 0x2a, 0xf3, 0x3f, 0xff, 0xff, 0xff, 0xff,
    0xf8, 0x6, 0xff, 0xc3, 0xff, 0xff, 0xff, 0xff,
    0xff, 0x80, 0xa, 0xfd, 0x5f, 0xfc, 0x5c, 0xc8,
    0x9f, 0xf8, 0x0, 0x28, 0x13, 0xff, 0xb6, 0xff,
    0xa8, 0xff, 0x85, 0xff, 0xff, 0x5f, 0xfb, 0xff,
    0xff, 0xbf, 0xf8, 0x5f, 0xff, 0xf5, 0xff, 0xb5,
    0xff, 0xa7, 0xff, 0x83, 0x8e, 0xff, 0x5f, 0xfb,
    0xef, 0xff, 0xbf, 0xf8, 0x0, 0xdf, 0xf5, 0xff,
    0xbd, 0xdd, 0xdb, 0xff, 0x80, 0xd, 0xff, 0x5f,
    0xfb, 0xcc, 0xcc, 0x9f, 0xf8, 0x0, 0xdf, 0xfd,
    0xff, 0xaf, 0xff, 0xfa, 0xff, 0x80, 0xd, 0xff,
    0xff, 0xf9, 0xfe, 0xcf, 0xaf, 0xf8, 0x1, 0xff,
    0xff, 0xff, 0x6f, 0xeb, 0xfa, 0xff, 0x80, 0x1e,
    0xff, 0xff, 0xf3, 0xff, 0xff, 0xbf, 0xf8, 0x0,
    0x6c, 0x6f, 0xff, 0xd, 0xdd, 0xff, 0xff, 0x70,
    0x0, 0x0, 0x6d, 0xa0, 0x0, 0xc, 0xff, 0xd2,
    0x0, 0x0, 0x0, 0x1, 0x0, 0x0, 0x0, 0x0,
    0x0,

    /* U+8D77 "起" */
    0x0, 0x2, 0xff, 0xa0, 0x9, 0xff, 0xff, 0xff,
    0xa0, 0x3, 0x89, 0xff, 0xd8, 0x79, 0xff, 0xff,
    0xff, 0xa0, 0x6, 0xff, 0xff, 0xff, 0xe4, 0x77,
    0x77, 0xff, 0xa0, 0x6, 0xff, 0xff, 0xff, 0xe0,
    0x0, 0x1, 0xff, 0xa0, 0x0, 0x2, 0xff, 0xa0,
    0x3, 0x99, 0x9a, 0xff, 0xa0, 0x9, 0xff, 0xff,
    0xff, 0xf7, 0xff, 0xff, 0xff, 0xa0, 0xa, 0xff,
    0xff, 0xff, 0xf8, 0xff, 0xec, 0xcc, 0x70, 0x5,
    0x88, 0x8f, 0xff, 0x86, 0xff, 0x70, 0x34, 0x0,
    0x0, 0xcc, 0x6f, 0xfe, 0x36, 0xff, 0x70, 0x7f,
    0xf2, 0x0, 0xff, 0x7f, 0xff, 0xf9, 0xff, 0x80,
    0x8f, 0xf3, 0x2, 0xff, 0x9f, 0xff, 0xf8, 0xff,
    0xff, 0xff, 0xf2, 0x6, 0xff, 0xff, 0xfe, 0x52,
    0xff, 0xff, 0xff, 0xd0, 0xc, 0xff, 0xff, 0xff,
    0xaa, 0xcf, 0xff, 0xff, 0xb1, 0xd, 0xfc, 0xdf,
    0xff, 0xff, 0xff, 0xff, 0xff, 0xf0, 0x0, 0xa6,
    0x8, 0xdf, 0xff, 0xff, 0xff, 0xff, 0xd0, 0x0,
    0x0, 0x0, 0x0, 0x0, 0x0, 0x0, 0x0, 0x0,

    /* U+8F93 "输" */
    0x0, 0x16, 0x41, 0x0, 0x0, 0x36, 0x30, 0x0,
    0x0, 0x0, 0x4f, 0xf9, 0x0, 0x1, 0xef, 0xf5,
    0x0, 0x0, 0x0, 0x8f, 0xf5, 0x0, 0xc, 0xff,
    0xfe, 0x20, 0x0, 0xf, 0xff, 0xff, 0xc1, 0xcf,
    0xfc, 0xff, 0xe4, 0x0, 0xf, 0xff, 0xff, 0xef,
    0xff, 0xf7, 0xbf, 0xff, 0xa0, 0x8, 0xff, 0xff,
    0x9f, 0xff, 0xff, 0xff, 0xff, 0xf0, 0x8, 0xff,
    0xfe, 0x1f, 0x45, 0x66, 0x66, 0x49, 0xb0, 0xe,
    0xfe, 0xff, 0x7f, 0xff, 0xff, 0x98, 0x8f, 0xd0,
    0xf, 0xff, 0xff, 0xcf, 0xff, 0xff, 0xaf, 0xaf,
    0xd0, 0xd, 0xff, 0xff, 0xcf, 0xf7, 0xcf, 0xaf,
    0xaf, 0xd0, 0x3, 0x4e, 0xfe, 0x4f, 0xff, 0xff,
    0xaf, 0xaf, 0xd0, 0x1, 0x5e, 0xff, 0xbf, 0xfc,
    0xef, 0xaf, 0xaf, 0xd0, 0xf, 0xff, 0xff, 0xdf,
    0xfd, 0xef, 0xaf, 0xaf, 0xd0, 0xd, 0xff, 0xff,
    0x5f, 0xff, 0xff, 0xaf, 0xaf, 0xd0, 0x8, 0x7e,
    0xfe, 0xf, 0xf3, 0xcf, 0x84, 0xaf, 0xd0, 0x0,
    0xd, 0xfe, 0xf, 0xfb, 0xff, 0x7f, 0xff, 0xc0,
    0x0, 0x0, 0x0, 0xe, 0xf8, 0xfd, 0x1d, 0xff,
    0x50,

    /* U+901A "通" */
    0x0, 0x0, 0x10, 0x0, 0x0, 0x0, 0x0, 0x0,
    0x0, 0x1, 0x7d, 0xe0, 0x9f, 0xff, 0xff, 0xff,
    0xff, 0x20, 0x1, 0xff, 0xf5, 0x9f, 0xff, 0xff,
    0xff, 0xff, 0x20, 0x0, 0x7f, 0xfc, 0x16, 0xdf,
    0xa2, 0xcf, 0xfb, 0x0, 0x0, 0xd, 0x81, 0x14,
    0xef, 0xfd, 0xff, 0xd3, 0x10, 0x4, 0x55, 0x55,
    0x7f, 0xff, 0xff, 0xff, 0xff, 0xa0, 0xc, 0xff,
    0xfe, 0x7f, 0xfd, 0xef, 0xfb, 0xff, 0xa0, 0xc,
    0xff, 0xfe, 0x7f, 0xfe, 0xef, 0xfd, 0xff, 0xa0,
    0x1, 0x1f, 0xfe, 0x7f, 0xff, 0xff, 0xff, 0xff,
    0xa0, 0x0, 0xf, 0xfe, 0x7f, 0xfa, 0xcf, 0xf7,
    0xff, 0xa0, 0x0, 0xf, 0xfe, 0x7f, 0xff, 0xff,
    0xff, 0xff, 0xa0, 0x0, 0xf, 0xfe, 0x7f, 0xf9,
    0xbf, 0xf7, 0xff, 0xa0, 0x0, 0xf, 0xfe, 0x7f,
    0xf6, 0xaf, 0xee, 0xff, 0x90, 0x6, 0xbf, 0xff,
    0xbf, 0xfb, 0xcf, 0xff, 0xff, 0x80, 0xd, 0xff,
    0xef, 0xff, 0xff, 0xff, 0xff, 0xff, 0xe0, 0x7,
    0xb2, 0x19, 0xdf, 0xff, 0xff, 0xff, 0xff, 0xb0,
    0x0, 0x0, 0x0, 0x0, 0x0, 0x0, 0x0, 0x0,
    0x0,

    /* U+9053 "道" */
    0x0, 0x4, 0x0, 0x14, 0x64, 0x3, 0x64, 0x10,
    0x9, 0xff, 0x20, 0x3f, 0xfc, 0xa, 0xff, 0x50,
    0xb, 0xff, 0x97, 0xff, 0xff, 0xff, 0xff, 0xf4,
    0x2, 0xff, 0xe7, 0xff, 0xff, 0xff, 0xff, 0xf4,
    0x0, 0x86, 0x1, 0x88, 0x9f, 0xfd, 0x88, 0x81,
    0x36, 0x66, 0x61, 0xff, 0xff, 0xff, 0xff, 0xf1,
    0x9f, 0xff, 0xf3, 0xff, 0xfc, 0xcc, 0xff, 0xf1,
    0x8f, 0xff, 0xf3, 0xff, 0xfb, 0xbb, 0xff, 0xf1,
    0x0, 0xef, 0xf3, 0xff, 0xff, 0xff, 0xff, 0xf1,
    0x0, 0xef, 0xf3, 0xff, 0xf8, 0x88, 0xff, 0xf1,
    0x0, 0xef, 0xf3, 0xff, 0xff, 0xff, 0xff, 0xf1,
    0x0, 0xef, 0xf3, 0xff, 0xf7, 0x77, 0xff, 0xf1,
    0x0, 0xef, 0xf3, 0xff, 0xff, 0xff, 0xff, 0xf1,
    0x5, 0xff, 0xf5, 0xff, 0xff, 0xff, 0xff, 0xf1,
    0xaf, 0xff, 0xff, 0x85, 0x55, 0x55, 0x55, 0x55,
    0x5f, 0xfb, 0xff, 0xff, 0xff, 0xff, 0xff, 0xfd,
    0xc, 0x40, 0x4b, 0xef, 0xff, 0xff, 0xff, 0xf9,
    0x0, 0x0, 0x0, 0x0, 0x0, 0x0, 0x0, 0x0,

    /* U+952F "锯" */
    0x0, 0x33, 0x0, 0x0, 0x0, 0x0, 0x0, 0x0,
    0x0, 0x0, 0xdf, 0xd0, 0xb, 0xff, 0xff, 0xff,
    0xff, 0xe0, 0x2, 0xff, 0xeb, 0xab, 0xff, 0xff,
    0xff, 0xff, 0xe0, 0x9, 0xff, 0xff, 0xeb, 0xff,
    0x66, 0x66, 0xef, 0xe0, 0x1f, 0xfe, 0xaa, 0x9b,
    0xff, 0xaa, 0xaa, 0xff, 0xe0, 0xc, 0xfa, 0x66,
    0x4b, 0xff, 0xff, 0xff, 0xff, 0xe0, 0x7, 0xff,
    0xff, 0xbb, 0xff, 0xaa, 0xff, 0xda, 0x90, 0x7,
    0xff, 0xff, 0xbb, 0xff, 0x9a, 0xff, 0xd9, 0x91,
    0x0, 0x3f, 0xf7, 0xc, 0xff, 0xff, 0xff, 0xff,
    0xf3, 0xa, 0xff, 0xff, 0xed, 0xff, 0x89, 0xff,
    0xc8, 0x81, 0xa, 0xff, 0xff, 0xef, 0xff, 0xff,
    0xff, 0xff, 0xf0, 0x4, 0x8f, 0xfa, 0x8f, 0xff,
    0xff, 0xff, 0xff, 0xf1, 0x0, 0x3f, 0xf8, 0x9f,
    0xff, 0xff, 0xdd, 0xef, 0xf1, 0x0, 0x6f, 0xff,
    0xff, 0xfd, 0xff, 0x55, 0xbf, 0xf1, 0x0, 0x4f,
    0xff, 0xff, 0xf9, 0xff, 0xff, 0xff, 0xf1, 0x0,
    0xb, 0xc6, 0x2b, 0x99, 0xff, 0xff, 0xff, 0xf1,
    0x0, 0x0, 0x0, 0x0, 0x0, 0x0, 0x0, 0x0,
    0x0,

    /* U+95F4 "间" */
    0x0, 0x53, 0x0, 0x0, 0x0, 0x0, 0x0, 0x0,
    0x4e, 0xfc, 0x1f, 0xff, 0xff, 0xff, 0xff, 0xf5,
    0xe, 0xff, 0x7f, 0xff, 0xff, 0xff, 0xff, 0xf5,
    0x5, 0xfc, 0x26, 0x66, 0x66, 0x66, 0xbf, 0xf5,
    0x0, 0x60, 0x2, 0x22, 0x22, 0x21, 0x8f, 0xf5,
    0xc, 0xee, 0x4f, 0xff, 0xff, 0xfb, 0x8f, 0xf5,
    0xd, 0xff, 0x4f, 0xff, 0xff, 0xfb, 0x8f, 0xf5,
    0xd, 0xff, 0x4f, 0xf7, 0x2e, 0xfb, 0x8f, 0xf5,
    0xd, 0xff, 0x4f, 0xf8, 0x4f, 0xfb, 0x8f, 0xf5,
    0xd, 0xff, 0x4f, 0xff, 0xff, 0xfb, 0x8f, 0xf5,
    0xd, 0xff, 0x4f, 0xff, 0xff, 0xfb, 0x8f, 0xf5,
    0xd, 0xff, 0x4f, 0xf5, 0xe, 0xfb, 0x8f, 0xf5,
    0xd, 0xff, 0x4f, 0xff, 0xff, 0xfb, 0x8f, 0xf5,
    0xd, 0xff, 0x4f, 0xff, 0xff, 0xfb, 0x8f, 0xf5,
    0xd, 0xff, 0x16, 0x66, 0x67, 0xfd, 0xcf, 0xf5,
    0xd, 0xff, 0x0, 0x0, 0x0, 0xff, 0xff, 0xf3,
    0xd, 0xff, 0x0, 0x0, 0x0, 0xcf, 0xff, 0xa0,

    /* U+9694 "隔" */
    0xef, 0xff, 0xff, 0xaf, 0xff, 0xff, 0xff, 0xf9,
    0xef, 0xff, 0xff, 0xaf, 0xff, 0xff, 0xff, 0xfa,
    0xef, 0xd7, 0xff, 0x67, 0x77, 0x77, 0x77, 0x73,
    0xef, 0xc8, 0xff, 0x3f, 0xff, 0xff, 0xff, 0xf4,
    0xef, 0xcd, 0xfc, 0x1f, 0xff, 0xff, 0xff, 0xf4,
    0xef, 0xff, 0xf5, 0x1f, 0xfa, 0x33, 0x8f, 0xf4,
    0xef, 0xff, 0xf1, 0x1f, 0xff, 0xff, 0xff, 0xf4,
    0xef, 0xdf, 0xf7, 0x1c, 0xcc, 0xcc, 0xcc, 0xc3,
    0xef, 0xca, 0xfc, 0xbc, 0xcc, 0xcc, 0xcc, 0xcb,
    0xef, 0xca, 0xfd, 0xef, 0xff, 0xff, 0xff, 0xff,
    0xef, 0xff, 0xfb, 0xef, 0xad, 0xdc, 0xca, 0xff,
    0xef, 0xff, 0xf3, 0xef, 0xbf, 0xff, 0xfb, 0xff,
    0xef, 0xe8, 0x20, 0xef, 0xcf, 0xff, 0xfc, 0xff,
    0xef, 0xc0, 0x0, 0xef, 0x94, 0xff, 0x49, 0xff,
    0xef, 0xc0, 0x0, 0xef, 0x91, 0xff, 0xbf, 0xfe,
    0xef, 0xc0, 0x0, 0xef, 0x91, 0xdd, 0x9f, 0xf6,

    /* U+9875 "页" */
    0xd, 0xff, 0xff, 0xff, 0xff, 0xff, 0xff, 0xf1,
    0xd, 0xff, 0xff, 0xff, 0xff, 0xff, 0xff, 0xf1,
    0x4, 0x55, 0x55, 0x9f, 0xfe, 0x55, 0x55, 0x50,
    0x1, 0x55, 0x55, 0xaf, 0xfd, 0x55, 0x55, 0x20,
    0x4, 0xff, 0xff, 0xff, 0xff, 0xff, 0xff, 0x80,
    0x4, 0xff, 0xff, 0xff, 0xff, 0xff, 0xff, 0x80,
    0x4, 0xff, 0xc0, 0x38, 0x85, 0x8, 0xff, 0x80,
    0x4, 0xff, 0xc0, 0x6f, 0xfa, 0x8, 0xff, 0x80,
    0x4, 0xff, 0xc0, 0x8f, 0xf9, 0x8, 0xff, 0x80,
    0x4, 0xff, 0xc0, 0xbf, 0xf6, 0x8, 0xff, 0x80,
    0x4, 0xff, 0xc3, 0xff, 0xf1, 0x8, 0xff, 0x80,
    0x2, 0x99, 0xbe, 0xff, 0xa3, 0x67, 0x99, 0x50,
    0x1, 0x5b, 0xff, 0xfd, 0x2e, 0xff, 0xd8, 0x20,
    0x7f, 0xff, 0xff, 0xc1, 0x6e, 0xff, 0xff, 0xf7,
    0x1f, 0xff, 0xd6, 0x0, 0x0, 0x4b, 0xff, 0xe0,
    0x7, 0x94, 0x0, 0x0, 0x0, 0x0, 0x29, 0x30,

    /* U+9891 "频" */
    0x0, 0xcc, 0x7f, 0xf2, 0xf, 0xff, 0xff, 0xff,
    0xd0, 0x1f, 0xf7, 0xff, 0xf9, 0xff, 0xff, 0xff,
    0xfd, 0x1, 0xff, 0x7f, 0xff, 0x95, 0x5b, 0xff,
    0x75, 0x40, 0x1f, 0xf7, 0xff, 0x62, 0x56, 0xcf,
    0xf6, 0x64, 0xc, 0xff, 0xef, 0xfd, 0x9f, 0xff,
    0xff, 0xff, 0xb0, 0xef, 0xff, 0xff, 0xfb, 0xff,
    0xff, 0xff, 0xfb, 0x9, 0xaa, 0xab, 0xaa, 0x7f,
    0xf8, 0x99, 0xaf, 0xb0, 0x17, 0x4c, 0xfd, 0x0,
    0xff, 0xaf, 0xfa, 0xfb, 0x5, 0xfe, 0xcf, 0xda,
    0x7f, 0xfa, 0xff, 0xaf, 0xb0, 0x9f, 0xbc, 0xff,
    0xff, 0xff, 0xaf, 0xfa, 0xfb, 0xe, 0xf6, 0xcf,
    0xff, 0xff, 0xfd, 0xff, 0x9f, 0xb0, 0x29, 0x16,
    0xef, 0xfa, 0x68, 0xff, 0xea, 0x53, 0x0, 0x5,
    0xcf, 0xfd, 0x14, 0xef, 0xff, 0xfa, 0x0, 0xcf,
    0xff, 0xfd, 0x17, 0xff, 0xfa, 0xaf, 0xfa, 0x9,
    0xff, 0xf8, 0x0, 0x1f, 0xf9, 0x0, 0xcf, 0x50,
    0x3a, 0x61, 0x0, 0x0, 0x65, 0x0, 0x1, 0x60,

    /* U+9F7F "齿" */
    0x0, 0x4f, 0xf9, 0xd, 0xff, 0x64, 0x44, 0x20,
    0x0, 0x4f, 0xf9, 0xd, 0xff, 0xff, 0xff, 0x80,
    0x0, 0x4f, 0xf9, 0xd, 0xff, 0xff, 0xff, 0x80,
    0x0, 0x4f, 0xf9, 0xd, 0xff, 0x41, 0x11, 0x0,
    0xaf, 0xff, 0xff, 0xff, 0xff, 0xff, 0xff, 0xf3,
    0xbf, 0xff, 0xff, 0xff, 0xff, 0xff, 0xff, 0xf3,
    0x4f, 0xff, 0x77, 0xaf, 0xfb, 0x7b, 0xff, 0xb1,
    0xf, 0xff, 0x0, 0x9f, 0xf4, 0x7, 0xff, 0x80,
    0xf, 0xff, 0x1, 0xff, 0xf3, 0x7, 0xff, 0x80,
    0xf, 0xff, 0x2c, 0xff, 0xff, 0x77, 0xff, 0x80,
    0xf, 0xff, 0xff, 0xfe, 0xff, 0xff, 0xff, 0x80,
    0xf, 0xff, 0xaf, 0xd2, 0x4f, 0xfa, 0xff, 0x80,
    0xf, 0xff, 0x7e, 0x76, 0x69, 0xbb, 0xff, 0x80,
    0xf, 0xff, 0xff, 0xff, 0xff, 0xff, 0xff, 0x80,
    0xf, 0xff, 0xff, 0xff, 0xff, 0xff, 0xff, 0x80,

    /* U+F001 "" */
    0x0, 0x0, 0x0, 0x0, 0x0, 0x0, 0x0, 0x27,
    0xba, 0x0, 0x0, 0x0, 0x0, 0x0, 0x0, 0x48,
    0xdf, 0xff, 0xf2, 0x0, 0x0, 0x0, 0x1, 0x6a,
    0xff, 0xff, 0xff, 0xff, 0x20, 0x0, 0x0, 0x7c,
    0xff, 0xff, 0xff, 0xff, 0xff, 0xf2, 0x0, 0x0,
    0x4f, 0xff, 0xff, 0xff, 0xff, 0xff, 0xff, 0x20,
    0x0, 0x5, 0xff, 0xff, 0xff, 0xff, 0xb7, 0x3f,
    0xf2, 0x0, 0x0, 0x5f, 0xff, 0xfe, 0x95, 0x0,
    0x1, 0xff, 0x20, 0x0, 0x5, 0xff, 0x73, 0x0,
    0x0, 0x0, 0x1f, 0xf2, 0x0, 0x0, 0x5f, 0xe0,
    0x0, 0x0, 0x0, 0x1, 0xff, 0x20, 0x0, 0x5,
    0xfe, 0x0, 0x0, 0x0, 0x0, 0x1f, 0xf2, 0x0,
    0x0, 0x5f, 0xe0, 0x0, 0x0, 0x0, 0x1, 0xff,
    0x20, 0x0, 0x5, 0xfe, 0x0, 0x0, 0x0, 0x69,
    0x8f, 0xf2, 0x0, 0x0, 0x5f, 0xe0, 0x0, 0x2,
    0xef, 0xff, 0xff, 0x20, 0x3, 0x58, 0xfe, 0x0,
    0x0, 0x8f, 0xff, 0xff, 0xf2, 0x2d, 0xff, 0xff,
    0xe0, 0x0, 0x4, 0xff, 0xff, 0xfd, 0xb, 0xff,
    0xff, 0xfe, 0x0, 0x0, 0x4, 0xbd, 0xc8, 0x10,
    0xaf, 0xff, 0xff, 0xb0, 0x0, 0x0, 0x0, 0x0,
    0x0, 0x0, 0xaf, 0xff, 0xb1, 0x0, 0x0, 0x0,
    0x0, 0x0, 0x0, 0x0, 0x1, 0x0, 0x0, 0x0,
    0x0, 0x0, 0x0, 0x0, 0x0,

    /* U+F008 "" */
    0x51, 0x6, 0x88, 0x88, 0x88, 0x88, 0x88, 0x30,
    0x15, 0xf7, 0x6e, 0xff, 0xff, 0xff, 0xff, 0xff,
    0xb6, 0x8f, 0xfd, 0xcf, 0xf3, 0x33, 0x33, 0x33,
    0x6f, 0xec, 0xdf, 0xf2, 0xc, 0xe0, 0x0, 0x0,
    0x0, 0x3f, 0x70, 0x2f, 0xf2, 0xc, 0xe0, 0x0,
    0x0, 0x0, 0x3f, 0x80, 0x2f, 0xff, 0xff, 0xe0,
    0x0, 0x0, 0x0, 0x3f, 0xff, 0xff, 0xf4, 0x2d,
    0xf9, 0x99, 0x99, 0x99, 0xbf, 0x92, 0x4f, 0xf2,
    0xc, 0xff, 0xff, 0xff, 0xff, 0xff, 0x70, 0x2f,
    0xfb, 0xaf, 0xf1, 0x11, 0x11, 0x11, 0x5f, 0xda,
    0xbf, 0xf9, 0x8e, 0xe0, 0x0, 0x0, 0x0, 0x3f,
    0xc8, 0x9f, 0xf2, 0xc, 0xe0, 0x0, 0x0, 0x0,
    0x3f, 0x70, 0x2f, 0xf6, 0x4d, 0xe0, 0x0, 0x0,
    0x0, 0x3f, 0xa4, 0x6f, 0xfe, 0xef, 0xfb, 0xbb,
    0xbb, 0xbb, 0xcf, 0xfe, 0xef, 0xc2, 0xc, 0xff,
    0xff, 0xff, 0xff, 0xff, 0x80, 0x2c,

    /* U+F00B "" */
    0x58, 0x88, 0x70, 0x28, 0x88, 0x88, 0x88, 0x88,
    0x85, 0xff, 0xff, 0xf3, 0x9f, 0xff, 0xff, 0xff,
    0xff, 0xff, 0xff, 0xff, 0xf3, 0xaf, 0xff, 0xff,
    0xff, 0xff, 0xff, 0xff, 0xff, 0xf3, 0xaf, 0xff,
    0xff, 0xff, 0xff, 0xff, 0xbf, 0xff, 0xd1, 0x6f,
    0xff, 0xff, 0xff, 0xff, 0xfb, 0x0, 0x0, 0x0,
    0x0, 0x0, 0x0, 0x0, 0x0, 0x0, 0xcf, 0xff,
    0xe1, 0x7f, 0xff, 0xff, 0xff, 0xff, 0xfc, 0xff,
    0xff, 0xf3, 0xaf, 0xff, 0xff, 0xff, 0xff, 0xff,
    0xff, 0xff, 0xf3, 0xaf, 0xff, 0xff, 0xff, 0xff,
    0xff, 0xff, 0xff, 0xf3, 0x9f, 0xff, 0xff, 0xff,
    0xff, 0xff, 0x58, 0x88, 0x60, 0x27, 0x88, 0x88,
    0x88, 0x88, 0x85, 0x47, 0x77, 0x50, 0x17, 0x77,
    0x77, 0x77, 0x77, 0x74, 0xff, 0xff, 0xf3, 0x9f,
    0xff, 0xff, 0xff, 0xff, 0xff, 0xff, 0xff, 0xf3,
    0xaf, 0xff, 0xff, 0xff, 0xff, 0xff, 0xff, 0xff,
    0xf3, 0xaf, 0xff, 0xff, 0xff, 0xff, 0xff, 0xdf,
    0xff, 0xf1, 0x7f, 0xff, 0xff, 0xff, 0xff, 0xfd,
    0x0, 0x0, 0x0, 0x0, 0x0, 0x0, 0x0, 0x0,
    0x0,

    /* U+F00C "" */
    0x0, 0x0, 0x0, 0x0, 0x0, 0x0, 0x0, 0x5,
    0x20, 0x0, 0x0, 0x0, 0x0, 0x0, 0x0, 0x0,
    0x7f, 0xf3, 0x0, 0x0, 0x0, 0x0, 0x0, 0x0,
    0x7, 0xff, 0xfe, 0x0, 0x0, 0x0, 0x0, 0x0,
    0x0, 0x7f, 0xff, 0xf8, 0x0, 0x0, 0x0, 0x0,
    0x0, 0x7, 0xff, 0xff, 0x90, 0x9, 0xd1, 0x0,
    0x0, 0x0, 0x7f, 0xff, 0xf9, 0x0, 0x9f, 0xfd,
    0x10, 0x0, 0x7, 0xff, 0xff, 0x90, 0x0, 0xdf,
    0xff, 0xd1, 0x0, 0x7f, 0xff, 0xf9, 0x0, 0x0,
    0x2e, 0xff, 0xfd, 0x17, 0xff, 0xff, 0x90, 0x0,
    0x0, 0x2, 0xef, 0xff, 0xef, 0xff, 0xf9, 0x0,
    0x0, 0x0, 0x0, 0x2e, 0xff, 0xff, 0xff, 0x90,
    0x0, 0x0, 0x0, 0x0, 0x2, 0xef, 0xff, 0xf9,
    0x0, 0x0, 0x0, 0x0, 0x0, 0x0, 0x2e, 0xff,
    0x90, 0x0, 0x0, 0x0, 0x0, 0x0, 0x0, 0x2,
    0xd8, 0x0, 0x0, 0x0, 0x0, 0x0,

    /* U+F00D "" */
    0x2d, 0xb0, 0x0, 0x0, 0x6, 0xe6, 0xd, 0xff,
    0xc0, 0x0, 0x6, 0xff, 0xf3, 0xcf, 0xff, 0xc0,
    0x6, 0xff, 0xff, 0x31, 0xdf, 0xff, 0xc7, 0xff,
    0xff, 0x50, 0x1, 0xdf, 0xff, 0xff, 0xff, 0x50,
    0x0, 0x1, 0xdf, 0xff, 0xff, 0x50, 0x0, 0x0,
    0x7, 0xff, 0xff, 0xd0, 0x0, 0x0, 0x6, 0xff,
    0xff, 0xff, 0xc0, 0x0, 0x6, 0xff, 0xff, 0xdf,
    0xff, 0xc0, 0x6, 0xff, 0xff, 0x51, 0xdf, 0xff,
    0xc0, 0xff, 0xff, 0x50, 0x1, 0xdf, 0xff, 0x58,
    0xff, 0x50, 0x0, 0x1, 0xdf, 0xd0, 0x5, 0x30,
    0x0, 0x0, 0x1, 0x61, 0x0,

    /* U+F011 "" */
    0x0, 0x0, 0x0, 0x0, 0xcd, 0x50, 0x0, 0x0,
    0x0, 0x0, 0x0, 0x0, 0x0, 0x3f, 0xfa, 0x0,
    0x0, 0x0, 0x0, 0x0, 0x7, 0xe3, 0x3, 0xff,
    0xa0, 0xb, 0xc1, 0x0, 0x0, 0x8, 0xff, 0xb0,
    0x3f, 0xfa, 0x4, 0xff, 0xd1, 0x0, 0x4, 0xff,
    0xf6, 0x3, 0xff, 0xa0, 0x1e, 0xff, 0xa0, 0x0,
    0xdf, 0xf7, 0x0, 0x3f, 0xfa, 0x0, 0x2e, 0xff,
    0x40, 0x3f, 0xfc, 0x0, 0x3, 0xff, 0xa0, 0x0,
    0x6f, 0xfa, 0x8, 0xff, 0x60, 0x0, 0x3f, 0xfa,
    0x0, 0x0, 0xef, 0xf0, 0xaf, 0xf2, 0x0, 0x3,
    0xff, 0xa0, 0x0, 0xb, 0xff, 0x1b, 0xff, 0x10,
    0x0, 0x1f, 0xf8, 0x0, 0x0, 0xbf, 0xf1, 0x9f,
    0xf3, 0x0, 0x0, 0x24, 0x0, 0x0, 0xd, 0xff,
    0x6, 0xff, 0x90, 0x0, 0x0, 0x0, 0x0, 0x2,
    0xff, 0xd0, 0x1f, 0xff, 0x20, 0x0, 0x0, 0x0,
    0x0, 0xbf, 0xf8, 0x0, 0x9f, 0xfd, 0x20, 0x0,
    0x0, 0x0, 0x9f, 0xfe, 0x10, 0x0, 0xcf, 0xfe,
    0x71, 0x0, 0x4, 0xcf, 0xff, 0x50, 0x0, 0x1,
    0xdf, 0xff, 0xfe, 0xdf, 0xff, 0xff, 0x60, 0x0,
    0x0, 0x0, 0x9f, 0xff, 0xff, 0xff, 0xfd, 0x40,
    0x0, 0x0, 0x0, 0x0, 0x28, 0xce, 0xfd, 0xa5,
    0x0, 0x0, 0x0,

    /* U+F013 "" */
    0x0, 0x0, 0x0, 0x4, 0x66, 0x40, 0x0, 0x0,
    0x0, 0x0, 0x0, 0x0, 0x3f, 0xff, 0xf3, 0x0,
    0x0, 0x0, 0x0, 0x0, 0x0, 0x4f, 0xff, 0xf4,
    0x0, 0x0, 0x0, 0x0, 0x78, 0x17, 0xff, 0xff,
    0xff, 0x71, 0x87, 0x0, 0x4, 0xff, 0xff, 0xff,
    0xff, 0xff, 0xff, 0xff, 0x40, 0xd, 0xff, 0xff,
    0xff, 0xff, 0xff, 0xff, 0xff, 0xd0, 0x3f, 0xff,
    0xff, 0xfe, 0x88, 0xef, 0xff, 0xff, 0xf3, 0x8,
    0xff, 0xff, 0xd0, 0x0, 0xd, 0xff, 0xff, 0x80,
    0x0, 0xaf, 0xff, 0x50, 0x0, 0x5, 0xff, 0xfa,
    0x0, 0x0, 0xbf, 0xff, 0x30, 0x0, 0x3, 0xff,
    0xfb, 0x0, 0x1, 0xcf, 0xff, 0x80, 0x0, 0x8,
    0xff, 0xfc, 0x10, 0x3e, 0xff, 0xff, 0xf6, 0x0,
    0x6f, 0xff, 0xff, 0xe3, 0x1f, 0xff, 0xff, 0xff,
    0xff, 0xff, 0xff, 0xff, 0xf1, 0x9, 0xff, 0xff,
    0xff, 0xff, 0xff, 0xff, 0xff, 0x90, 0x0, 0xdf,
    0x8e, 0xff, 0xff, 0xff, 0xe8, 0xfd, 0x0, 0x0,
    0x11, 0x1, 0x9f, 0xff, 0xf9, 0x10, 0x11, 0x0,
    0x0, 0x0, 0x0, 0x4f, 0xff, 0xf4, 0x0, 0x0,
    0x0, 0x0, 0x0, 0x0, 0x2c, 0xee, 0xd2, 0x0,
    0x0, 0x0, 0x0, 0x0, 0x0, 0x0, 0x0, 0x0,
    0x0, 0x0, 0x0,

    /* U+F015 "" */
    0x0, 0x0, 0x0, 0x0, 0x8, 0x92, 0x0, 0x6b,
    0xb1, 0x0, 0x0, 0x0, 0x0, 0x0, 0x2d, 0xff,
    0xe4, 0xa, 0xff, 0x20, 0x0, 0x0, 0x0, 0x0,
    0x4e, 0xff, 0xff, 0xf6, 0xaf, 0xf2, 0x0, 0x0,
    0x0, 0x0, 0x6f, 0xfe, 0x31, 0xcf, 0xff, 0xff,
    0x20, 0x0, 0x0, 0x0, 0x9f, 0xfd, 0x25, 0x70,
    0xaf, 0xff, 0xf2, 0x0, 0x0, 0x1, 0xbf, 0xfa,
    0x8, 0xff, 0xb0, 0x7f, 0xff, 0x40, 0x0, 0x2,
    0xdf, 0xf8, 0xa, 0xff, 0xff, 0xd2, 0x5f, 0xff,
    0x50, 0x4, 0xff, 0xf5, 0x1d, 0xff, 0xff, 0xff,
    0xe4, 0x2e, 0xff, 0x70, 0xdf, 0xe3, 0x3e, 0xff,
    0xff, 0xff, 0xff, 0xf6, 0x1c, 0xff, 0x13, 0xb1,
    0x5f, 0xff, 0xff, 0xff, 0xff, 0xff, 0xf8, 0x9,
    0x60, 0x0, 0xa, 0xff, 0xff, 0xff, 0xff, 0xff,
    0xff, 0xe0, 0x0, 0x0, 0x0, 0xaf, 0xff, 0xfd,
    0x88, 0xbf, 0xff, 0xfe, 0x0, 0x0, 0x0, 0xa,
    0xff, 0xff, 0x70, 0x3, 0xff, 0xff, 0xe0, 0x0,
    0x0, 0x0, 0xaf, 0xff, 0xf7, 0x0, 0x3f, 0xff,
    0xfe, 0x0, 0x0, 0x0, 0xa, 0xff, 0xff, 0x70,
    0x3, 0xff, 0xff, 0xe0, 0x0, 0x0, 0x0, 0x8f,
    0xff, 0xf5, 0x0, 0x2f, 0xff, 0xfc, 0x0, 0x0,
    0x0, 0x0, 0x0, 0x0, 0x0, 0x0, 0x0, 0x0,
    0x0, 0x0, 0x0,

    /* U+F019 "" */
    0x0, 0x0, 0x0, 0x9, 0xaa, 0x90, 0x0, 0x0,
    0x0, 0x0, 0x0, 0x0, 0x3f, 0xff, 0xf3, 0x0,
    0x0, 0x0, 0x0, 0x0, 0x0, 0x4f, 0xff, 0xf4,
    0x0, 0x0, 0x0, 0x0, 0x0, 0x0, 0x4f, 0xff,
    0xf4, 0x0, 0x0, 0x0, 0x0, 0x0, 0x0, 0x4f,
    0xff, 0xf4, 0x0, 0x0, 0x0, 0x0, 0x0, 0x0,
    0x4f, 0xff, 0xf4, 0x0, 0x0, 0x0, 0x0, 0x0,
    0x0, 0x4f, 0xff, 0xf4, 0x0, 0x0, 0x0, 0x0,
    0xc, 0xee, 0xef, 0xff, 0xfe, 0xee, 0xc0, 0x0,
    0x0, 0x8, 0xff, 0xff, 0xff, 0xff, 0xff, 0x90,
    0x0, 0x0, 0x0, 0x8f, 0xff, 0xff, 0xff, 0xf8,
    0x0, 0x0, 0x0, 0x0, 0x8, 0xff, 0xff, 0xff,
    0x80, 0x0, 0x0, 0x0, 0x0, 0x0, 0x8f, 0xff,
    0xf8, 0x0, 0x0, 0x0, 0x24, 0x44, 0x44, 0x7,
    0xff, 0x70, 0x44, 0x44, 0x42, 0xff, 0xff, 0xff,
    0xc1, 0x66, 0x1d, 0xff, 0xff, 0xff, 0xff, 0xff,
    0xff, 0xfe, 0x66, 0xef, 0xff, 0xff, 0xff, 0xff,
    0xff, 0xff, 0xff, 0xff, 0xff, 0xff, 0xff, 0xff,
    0xff, 0xff, 0xff, 0xff, 0xff, 0xff, 0x66, 0xc4,
    0xff, 0xdf, 0xff, 0xff, 0xff, 0xff, 0xff, 0xff,
    0xff, 0xfd, 0x0, 0x0, 0x0, 0x0, 0x0, 0x0,
    0x0, 0x0, 0x0,

    /* U+F01C "" */
    0x0, 0x0, 0x4, 0x44, 0x44, 0x44, 0x44, 0x41,
    0x0, 0x0, 0x0, 0x0, 0x1e, 0xff, 0xff, 0xff,
    0xff, 0xff, 0xf4, 0x0, 0x0, 0x0, 0xb, 0xff,
    0xff, 0xff, 0xff, 0xff, 0xff, 0xe1, 0x0, 0x0,
    0x6, 0xff, 0x50, 0x0, 0x0, 0x0, 0x1, 0xff,
    0xa0, 0x0, 0x1, 0xff, 0x90, 0x0, 0x0, 0x0,
    0x0, 0x5, 0xff, 0x50, 0x0, 0xbf, 0xd0, 0x0,
    0x0, 0x0, 0x0, 0x0, 0xa, 0xfe, 0x10, 0x6f,
    0xf3, 0x0, 0x0, 0x0, 0x0, 0x0, 0x0, 0x1e,
    0xfa, 0xe, 0xff, 0xcc, 0xcc, 0x20, 0x0, 0x0,
    0xbc, 0xcc, 0xef, 0xf2, 0xff, 0xff, 0xff, 0xfa,
    0x0, 0x0, 0x6f, 0xff, 0xff, 0xff, 0x4f, 0xff,
    0xff, 0xff, 0xf8, 0x88, 0x8e, 0xff, 0xff, 0xff,
    0xf4, 0xff, 0xff, 0xff, 0xff, 0xff, 0xff, 0xff,
    0xff, 0xff, 0xff, 0x4f, 0xff, 0xff, 0xff, 0xff,
    0xff, 0xff, 0xff, 0xff, 0xff, 0xf4, 0xff, 0xff,
    0xff, 0xff, 0xff, 0xff, 0xff, 0xff, 0xff, 0xff,
    0x37, 0xff, 0xff, 0xff, 0xff, 0xff, 0xff, 0xff,
    0xff, 0xff, 0xa0,

    /* U+F021 "" */
    0x0, 0x0, 0x0, 0x15, 0x66, 0x40, 0x0, 0x5,
    0xcb, 0x0, 0x0, 0x3b, 0xff, 0xff, 0xff, 0x92,
    0x7, 0xff, 0x0, 0x7, 0xff, 0xff, 0xff, 0xff,
    0xff, 0x66, 0xff, 0x0, 0x8f, 0xff, 0xa4, 0x12,
    0x5b, 0xff, 0xfd, 0xff, 0x4, 0xff, 0xe4, 0x0,
    0x0, 0x0, 0x4e, 0xff, 0xff, 0xd, 0xff, 0x30,
    0x0, 0x0, 0x45, 0x46, 0xff, 0xff, 0x4f, 0xf7,
    0x0, 0x0, 0x0, 0xdf, 0xff, 0xff, 0xff, 0x8f,
    0xf1, 0x0, 0x0, 0x0, 0xdf, 0xff, 0xff, 0xff,
    0x2, 0x10, 0x0, 0x0, 0x0, 0x12, 0x22, 0x22,
    0x21, 0x0, 0x0, 0x0, 0x0, 0x0, 0x0, 0x0,
    0x0, 0x0, 0x67, 0x77, 0x77, 0x75, 0x0, 0x0,
    0x0, 0x6, 0x73, 0xff, 0xff, 0xff, 0xfe, 0x0,
    0x0, 0x0, 0x3f, 0xf6, 0xff, 0xff, 0xee, 0xfd,
    0x0, 0x0, 0x0, 0xcf, 0xf1, 0xff, 0xff, 0x70,
    0x0, 0x0, 0x0, 0x9, 0xff, 0xa0, 0xff, 0xff,
    0xfb, 0x20, 0x0, 0x2, 0xbf, 0xfe, 0x10, 0xff,
    0x8d, 0xff, 0xfc, 0xa9, 0xcf, 0xff, 0xe2, 0x0,
    0xff, 0x61, 0x9f, 0xff, 0xff, 0xff, 0xfb, 0x10,
    0x0, 0xff, 0x70, 0x1, 0x7c, 0xee, 0xd9, 0x30,
    0x0, 0x0, 0x56, 0x20, 0x0, 0x0, 0x0, 0x0,
    0x0, 0x0, 0x0,

    /* U+F026 "" */
    0x0, 0x0, 0x0, 0x2, 0x40, 0x0, 0x0, 0x2,
    0xef, 0x0, 0x0, 0x2, 0xef, 0xf0, 0x0, 0x3,
    0xef, 0xff, 0xdf, 0xff, 0xff, 0xff, 0xff, 0xff,
    0xff, 0xff, 0xff, 0xff, 0xff, 0xff, 0xff, 0xff,
    0xff, 0xff, 0xff, 0xff, 0xff, 0xff, 0xff, 0xff,
    0xff, 0xff, 0xff, 0xff, 0xff, 0x7b, 0xbb, 0xdf,
    0xff, 0xf0, 0x0, 0x0, 0xbf, 0xff, 0x0, 0x0,
    0x0, 0xbf, 0xf0, 0x0, 0x0, 0x0, 0xbe, 0x0,
    0x0, 0x0, 0x0, 0x0,

    /* U+F027 "" */
    0x0, 0x0, 0x0, 0x2, 0x40, 0x0, 0x0, 0x0,
    0x0, 0x0, 0x2e, 0xf0, 0x0, 0x0, 0x0, 0x0,
    0x2, 0xef, 0xf0, 0x0, 0x0, 0x0, 0x0, 0x3e,
    0xff, 0xf0, 0x0, 0x0, 0xdf, 0xff, 0xff, 0xff,
    0xf0, 0x7, 0x10, 0xff, 0xff, 0xff, 0xff, 0xf0,
    0x3f, 0xd0, 0xff, 0xff, 0xff, 0xff, 0xf0, 0x8,
    0xf5, 0xff, 0xff, 0xff, 0xff, 0xf0, 0x4, 0xf7,
    0xff, 0xff, 0xff, 0xff, 0xf0, 0xd, 0xf3, 0xff,
    0xff, 0xff, 0xff, 0xf0, 0x3f, 0x70, 0x8b, 0xbb,
    0xdf, 0xff, 0xf0, 0x0, 0x0, 0x0, 0x0, 0xb,
    0xff, 0xf0, 0x0, 0x0, 0x0, 0x0, 0x0, 0xbf,
    0xf0, 0x0, 0x0, 0x0, 0x0, 0x0, 0xb, 0xe0,
    0x0, 0x0, 0x0, 0x0, 0x0, 0x0, 0x0, 0x0,
    0x0,

    /* U+F028 "" */
    0x0, 0x0, 0x0, 0x0, 0x0, 0x0, 0x0, 0x1,
    0x0, 0x0, 0x0, 0x0, 0x0, 0x0, 0x0, 0x0,
    0x0, 0x7, 0xf6, 0x0, 0x0, 0x0, 0x0, 0x0,
    0x2, 0x40, 0x0, 0x0, 0x2d, 0xf8, 0x0, 0x0,
    0x0, 0x0, 0x2, 0xef, 0x0, 0x0, 0x40, 0x1c,
    0xf4, 0x0, 0x0, 0x0, 0x2, 0xef, 0xf0, 0x0,
    0x5f, 0xb0, 0x1e, 0xe1, 0x0, 0x0, 0x3, 0xef,
    0xff, 0x0, 0x0, 0xaf, 0xa0, 0x6f, 0x70, 0xdf,
    0xff, 0xff, 0xff, 0xf0, 0x7, 0x10, 0xbf, 0x30,
    0xfd, 0xf, 0xff, 0xff, 0xff, 0xff, 0x3, 0xfd,
    0x3, 0xf9, 0xa, 0xf0, 0xff, 0xff, 0xff, 0xff,
    0xf0, 0x7, 0xf5, 0xe, 0xc0, 0x8f, 0x2f, 0xff,
    0xff, 0xff, 0xff, 0x0, 0x4f, 0x70, 0xdd, 0x7,
    0xf3, 0xff, 0xff, 0xff, 0xff, 0xf0, 0x1d, 0xf3,
    0xf, 0xb0, 0x9f, 0x2f, 0xff, 0xff, 0xff, 0xff,
    0x3, 0xf7, 0x7, 0xf6, 0xc, 0xf0, 0x7b, 0xbb,
    0xdf, 0xff, 0xf0, 0x0, 0x3, 0xfe, 0x12, 0xfa,
    0x0, 0x0, 0x0, 0xbf, 0xff, 0x0, 0x3, 0xff,
    0x40, 0xaf, 0x30, 0x0, 0x0, 0x0, 0xbf, 0xf0,
    0x0, 0x3c, 0x30, 0x6f, 0xa0, 0x0, 0x0, 0x0,
    0x0, 0xbe, 0x0, 0x0, 0x0, 0x6f, 0xe1, 0x0,
    0x0, 0x0, 0x0, 0x0, 0x0, 0x0, 0x0, 0x6f,
    0xd2, 0x0, 0x0, 0x0, 0x0, 0x0, 0x0, 0x0,
    0x0, 0x3, 0x90, 0x0, 0x0,

    /* U+F03E "" */
    0x3a, 0xbb, 0xbb, 0xbb, 0xbb, 0xbb, 0xbb, 0xbb,
    0xa3, 0xef, 0xff, 0xff, 0xff, 0xff, 0xff, 0xff,
    0xff, 0xfe, 0xff, 0xd5, 0x6e, 0xff, 0xff, 0xff,
    0xff, 0xff, 0xff, 0xff, 0x20, 0x4, 0xff, 0xff,
    0xff, 0xff, 0xff, 0xff, 0xff, 0x0, 0x2, 0xff,
    0xff, 0xff, 0xbf, 0xff, 0xff, 0xff, 0x50, 0x7,
    0xff, 0xff, 0xf5, 0x9, 0xff, 0xff, 0xff, 0xfb,
    0xbf, 0xff, 0xff, 0x50, 0x0, 0x9f, 0xff, 0xff,
    0xff, 0xcb, 0xff, 0xf5, 0x0, 0x0, 0x9, 0xff,
    0xff, 0xfc, 0x0, 0xaf, 0x50, 0x0, 0x0, 0x4,
    0xff, 0xff, 0xc0, 0x0, 0x3, 0x0, 0x0, 0x0,
    0x4, 0xff, 0xff, 0x40, 0x0, 0x0, 0x0, 0x0,
    0x0, 0x4, 0xff, 0xff, 0x74, 0x44, 0x44, 0x44,
    0x44, 0x44, 0x47, 0xff, 0xff, 0xff, 0xff, 0xff,
    0xff, 0xff, 0xff, 0xff, 0xff, 0x6f, 0xff, 0xff,
    0xff, 0xff, 0xff, 0xff, 0xff, 0xf6,

    /* U+F043 "" */
    0x0, 0x0, 0x6, 0x90, 0x0, 0x0, 0x0, 0x0,
    0x1, 0xff, 0x40, 0x0, 0x0, 0x0, 0x0, 0x6f,
    0xfa, 0x0, 0x0, 0x0, 0x0, 0xd, 0xff, 0xf2,
    0x0, 0x0, 0x0, 0x5, 0xff, 0xff, 0x90, 0x0,
    0x0, 0x0, 0xef, 0xff, 0xff, 0x30, 0x0, 0x0,
    0x9f, 0xff, 0xff, 0xfd, 0x0, 0x0, 0x5f, 0xff,
    0xff, 0xff, 0xf9, 0x0, 0xe, 0xff, 0xff, 0xff,
    0xff, 0xf3, 0x7, 0xff, 0xff, 0xff, 0xff, 0xff,
    0xa0, 0xcf, 0xff, 0xff, 0xff, 0xff, 0xff, 0xf,
    0xfb, 0xff, 0xff, 0xff, 0xff, 0xf2, 0xff, 0x4a,
    0xff, 0xff, 0xff, 0xff, 0x2c, 0xf8, 0x4f, 0xff,
    0xff, 0xff, 0xf0, 0x7f, 0xf2, 0x5c, 0xff, 0xff,
    0xfb, 0x0, 0xef, 0xe5, 0x8, 0xff, 0xff, 0x30,
    0x2, 0xef, 0xff, 0xff, 0xff, 0x50, 0x0, 0x1,
    0xaf, 0xff, 0xfb, 0x30, 0x0, 0x0, 0x0, 0x3,
    0x31, 0x0, 0x0, 0x0,

    /* U+F048 "" */
    0x6b, 0x90, 0x0, 0x0, 0x3, 0xa2, 0x9f, 0xe0,
    0x0, 0x0, 0x4f, 0xf9, 0x9f, 0xe0, 0x0, 0x5,
    0xff, 0xfa, 0x9f, 0xe0, 0x0, 0x6f, 0xff, 0xfa,
    0x9f, 0xe0, 0x7, 0xff, 0xff, 0xfa, 0x9f, 0xe0,
    0x8f, 0xff, 0xff, 0xfa, 0x9f, 0xe9, 0xff, 0xff,
    0xff, 0xfa, 0x9f, 0xff, 0xff, 0xff, 0xff, 0xfa,
    0x9f, 0xff, 0xff, 0xff, 0xff, 0xfa, 0x9f, 0xfe,
    0xff, 0xff, 0xff, 0xfa, 0x9f, 0xe1, 0xdf, 0xff,
    0xff, 0xfa, 0x9f, 0xe0, 0x1c, 0xff, 0xff, 0xfa,
    0x9f, 0xe0, 0x0, 0xbf, 0xff, 0xfa, 0x9f, 0xe0,
    0x0, 0xa, 0xff, 0xfa, 0x9f, 0xe0, 0x0, 0x0,
    0x9f, 0xfa, 0x9f, 0xe0, 0x0, 0x0, 0x8, 0xf6,
    0x0, 0x0, 0x0, 0x0, 0x0, 0x0,

    /* U+F04B "" */
    0x3a, 0x70, 0x0, 0x0, 0x0, 0x0, 0x0, 0x0,
    0xef, 0xfe, 0x50, 0x0, 0x0, 0x0, 0x0, 0x0,
    0xff, 0xff, 0xfb, 0x20, 0x0, 0x0, 0x0, 0x0,
    0xff, 0xff, 0xff, 0xf8, 0x0, 0x0, 0x0, 0x0,
    0xff, 0xff, 0xff, 0xff, 0xe6, 0x0, 0x0, 0x0,
    0xff, 0xff, 0xff, 0xff, 0xff, 0xc3, 0x0, 0x0,
    0xff, 0xff, 0xff, 0xff, 0xff, 0xff, 0x91, 0x0,
    0xff, 0xff, 0xff, 0xff, 0xff, 0xff, 0xfe, 0x60,
    0xff, 0xff, 0xff, 0xff, 0xff, 0xff, 0xff, 0xf7,
    0xff, 0xff, 0xff, 0xff, 0xff, 0xff, 0xff, 0xfa,
    0xff, 0xff, 0xff, 0xff, 0xff, 0xff, 0xff, 0xe2,
    0xff, 0xff, 0xff, 0xff, 0xff, 0xff, 0xf8, 0x0,
    0xff, 0xff, 0xff, 0xff, 0xff, 0xfb, 0x20, 0x0,
    0xff, 0xff, 0xff, 0xff, 0xfd, 0x40, 0x0, 0x0,
    0xff, 0xff, 0xff, 0xff, 0x70, 0x0, 0x0, 0x0,
    0xff, 0xff, 0xff, 0xa1, 0x0, 0x0, 0x0, 0x0,
    0xff, 0xff, 0xd3, 0x0, 0x0, 0x0, 0x0, 0x0,
    0xaf, 0xe6, 0x0, 0x0, 0x0, 0x0, 0x0, 0x0,
    0x2, 0x0, 0x0, 0x0, 0x0, 0x0, 0x0, 0x0,

    /* U+F04C "" */
    0x3a, 0xbb, 0xb9, 0x10, 0x3, 0xab, 0xbb, 0x91,
    0xef, 0xff, 0xff, 0xa0, 0xe, 0xff, 0xff, 0xfa,
    0xff, 0xff, 0xff, 0xc0, 0xf, 0xff, 0xff, 0xfc,
    0xff, 0xff, 0xff, 0xc0, 0xf, 0xff, 0xff, 0xfc,
    0xff, 0xff, 0xff, 0xc0, 0xf, 0xff, 0xff, 0xfc,
    0xff, 0xff, 0xff, 0xc0, 0xf, 0xff, 0xff, 0xfc,
    0xff, 0xff, 0xff, 0xc0, 0xf, 0xff, 0xff, 0xfc,
    0xff, 0xff, 0xff, 0xc0, 0xf, 0xff, 0xff, 0xfc,
    0xff, 0xff, 0xff, 0xc0, 0xf, 0xff, 0xff, 0xfc,
    0xff, 0xff, 0xff, 0xc0, 0xf, 0xff, 0xff, 0xfc,
    0xff, 0xff, 0xff, 0xc0, 0xf, 0xff, 0xff, 0xfc,
    0xff, 0xff, 0xff, 0xc0, 0xf, 0xff, 0xff, 0xfc,
    0xff, 0xff, 0xff, 0xc0, 0xf, 0xff, 0xff, 0xfc,
    0xff, 0xff, 0xff, 0xc0, 0xf, 0xff, 0xff, 0xfc,
    0xff, 0xff, 0xff, 0xb0, 0xf, 0xff, 0xff, 0xfb,
    0x7f, 0xff, 0xfe, 0x40, 0x7, 0xff, 0xff, 0xe4,
    0x0, 0x0, 0x0, 0x0, 0x0, 0x0, 0x0, 0x0,

    /* U+F04D "" */
    0x3a, 0xbb, 0xbb, 0xbb, 0xbb, 0xbb, 0xbb, 0x91,
    0xef, 0xff, 0xff, 0xff, 0xff, 0xff, 0xff, 0xfa,
    0xff, 0xff, 0xff, 0xff, 0xff, 0xff, 0xff, 0xfc,
    0xff, 0xff, 0xff, 0xff, 0xff, 0xff, 0xff, 0xfc,
    0xff, 0xff, 0xff, 0xff, 0xff, 0xff, 0xff, 0xfc,
    0xff, 0xff, 0xff, 0xff, 0xff, 0xff, 0xff, 0xfc,
    0xff, 0xff, 0xff, 0xff, 0xff, 0xff, 0xff, 0xfc,
    0xff, 0xff, 0xff, 0xff, 0xff, 0xff, 0xff, 0xfc,
    0xff, 0xff, 0xff, 0xff, 0xff, 0xff, 0xff, 0xfc,
    0xff, 0xff, 0xff, 0xff, 0xff, 0xff, 0xff, 0xfc,
    0xff, 0xff, 0xff, 0xff, 0xff, 0xff, 0xff, 0xfc,
    0xff, 0xff, 0xff, 0xff, 0xff, 0xff, 0xff, 0xfc,
    0xff, 0xff, 0xff, 0xff, 0xff, 0xff, 0xff, 0xfc,
    0xff, 0xff, 0xff, 0xff, 0xff, 0xff, 0xff, 0xfc,
    0xff, 0xff, 0xff, 0xff, 0xff, 0xff, 0xff, 0xfb,
    0x7f, 0xff, 0xff, 0xff, 0xff, 0xff, 0xff, 0xe4,
    0x0, 0x0, 0x0, 0x0, 0x0, 0x0, 0x0, 0x0,

    /* U+F051 "" */
    0x4a, 0x20, 0x0, 0x0, 0xa, 0xb4, 0xbf, 0xe3,
    0x0, 0x0, 0xf, 0xf8, 0xcf, 0xff, 0x40, 0x0,
    0xf, 0xf8, 0xcf, 0xff, 0xf5, 0x0, 0xf, 0xf8,
    0xcf, 0xff, 0xff, 0x60, 0xf, 0xf8, 0xcf, 0xff,
    0xff, 0xf7, 0xf, 0xf8, 0xcf, 0xff, 0xff, 0xff,
    0x9f, 0xf8, 0xcf, 0xff, 0xff, 0xff, 0xff, 0xf8,
    0xcf, 0xff, 0xff, 0xff, 0xff, 0xf8, 0xcf, 0xff,
    0xff, 0xff, 0xdf, 0xf8, 0xcf, 0xff, 0xff, 0xfc,
    0x1f, 0xf8, 0xcf, 0xff, 0xff, 0xb0, 0xf, 0xf8,
    0xcf, 0xff, 0xfa, 0x0, 0xf, 0xf8, 0xcf, 0xff,
    0x80, 0x0, 0xf, 0xf8, 0xbf, 0xf7, 0x0, 0x0,
    0xf, 0xf8, 0x7f, 0x60, 0x0, 0x0, 0xf, 0xf7,
    0x0, 0x0, 0x0, 0x0, 0x0, 0x0,

    /* U+F052 "" */
    0x0, 0x0, 0x0, 0x2, 0xca, 0x10, 0x0, 0x0,
    0x0, 0x0, 0x0, 0x0, 0x2e, 0xff, 0xc0, 0x0,
    0x0, 0x0, 0x0, 0x0, 0x1, 0xef, 0xff, 0xfb,
    0x0, 0x0, 0x0, 0x0, 0x0, 0x1d, 0xff, 0xff,
    0xff, 0xa0, 0x0, 0x0, 0x0, 0x0, 0xcf, 0xff,
    0xff, 0xff, 0xf9, 0x0, 0x0, 0x0, 0xb, 0xff,
    0xff, 0xff, 0xff, 0xff, 0x70, 0x0, 0x0, 0xaf,
    0xff, 0xff, 0xff, 0xff, 0xff, 0xf6, 0x0, 0x8,
    0xff, 0xff, 0xff, 0xff, 0xff, 0xff, 0xff, 0x40,
    0xf, 0xff, 0xff, 0xff, 0xff, 0xff, 0xff, 0xff,
    0xb0, 0xa, 0xff, 0xff, 0xff, 0xff, 0xff, 0xff,
    0xff, 0x60, 0x0, 0x34, 0x44, 0x44, 0x44, 0x44,
    0x44, 0x42, 0x0, 0x3, 0x77, 0x77, 0x77, 0x77,
    0x77, 0x77, 0x77, 0x10, 0xf, 0xff, 0xff, 0xff,
    0xff, 0xff, 0xff, 0xff, 0xb0, 0xf, 0xff, 0xff,
    0xff, 0xff, 0xff, 0xff, 0xff, 0xc0, 0xf, 0xff,
    0xff, 0xff, 0xff, 0xff, 0xff, 0xff, 0xb0, 0xc,
    0xff, 0xff, 0xff, 0xff, 0xff, 0xff, 0xff, 0x70,
    0x0, 0x0, 0x0, 0x0, 0x0, 0x0, 0x0, 0x0,
    0x0,

    /* U+F053 "" */
    0x0, 0x0, 0x0, 0x0, 0x41, 0x0, 0x0, 0x0,
    0x0, 0x9f, 0xd0, 0x0, 0x0, 0x0, 0x9f, 0xff,
    0x20, 0x0, 0x0, 0x9f, 0xff, 0x50, 0x0, 0x0,
    0x9f, 0xff, 0x50, 0x0, 0x0, 0x9f, 0xff, 0x50,
    0x0, 0x0, 0x9f, 0xff, 0x50, 0x0, 0x0, 0x9f,
    0xff, 0x50, 0x0, 0x0, 0xe, 0xff, 0xd1, 0x0,
    0x0, 0x0, 0x3e, 0xff, 0xc1, 0x0, 0x0, 0x0,
    0x3e, 0xff, 0xc1, 0x0, 0x0, 0x0, 0x3e, 0xff,
    0xc1, 0x0, 0x0, 0x0, 0x3e, 0xff, 0xc1, 0x0,
    0x0, 0x0, 0x3e, 0xff, 0xc0, 0x0, 0x0, 0x0,
    0x3e, 0xff, 0x20, 0x0, 0x0, 0x0, 0x3c, 0x60,

    /* U+F054 "" */
    0x0, 0x50, 0x0, 0x0, 0x0, 0x0, 0x9f, 0xc1,
    0x0, 0x0, 0x0, 0xe, 0xff, 0xc1, 0x0, 0x0,
    0x0, 0x2e, 0xff, 0xc1, 0x0, 0x0, 0x0, 0x2e,
    0xff, 0xc1, 0x0, 0x0, 0x0, 0x2e, 0xff, 0xc1,
    0x0, 0x0, 0x0, 0x2e, 0xff, 0xc1, 0x0, 0x0,
    0x0, 0x2e, 0xff, 0xc0, 0x0, 0x0, 0x0, 0xaf,
    0xff, 0x20, 0x0, 0x0, 0x9f, 0xff, 0x50, 0x0,
    0x0, 0x9f, 0xff, 0x50, 0x0, 0x0, 0x9f, 0xff,
    0x50, 0x0, 0x0, 0x9f, 0xff, 0x60, 0x0, 0x0,
    0x9f, 0xff, 0x60, 0x0, 0x0, 0xe, 0xff, 0x60,
    0x0, 0x0, 0x0, 0x3d, 0x50, 0x0, 0x0, 0x0,

    /* U+F067 "" */
    0x0, 0x0, 0x0, 0x39, 0x91, 0x0, 0x0, 0x0,
    0x0, 0x0, 0x0, 0xcf, 0xf8, 0x0, 0x0, 0x0,
    0x0, 0x0, 0x0, 0xdf, 0xf9, 0x0, 0x0, 0x0,
    0x0, 0x0, 0x0, 0xdf, 0xf9, 0x0, 0x0, 0x0,
    0x0, 0x0, 0x0, 0xdf, 0xf9, 0x0, 0x0, 0x0,
    0x0, 0x0, 0x0, 0xdf, 0xf9, 0x0, 0x0, 0x0,
    0x36, 0x77, 0x77, 0xef, 0xfc, 0x77, 0x77, 0x61,
    0xef, 0xff, 0xff, 0xff, 0xff, 0xff, 0xff, 0xfa,
    0xff, 0xff, 0xff, 0xff, 0xff, 0xff, 0xff, 0xfb,
    0xae, 0xff, 0xff, 0xff, 0xff, 0xff, 0xff, 0xe6,
    0x0, 0x0, 0x0, 0xdf, 0xf9, 0x0, 0x0, 0x0,
    0x0, 0x0, 0x0, 0xdf, 0xf9, 0x0, 0x0, 0x0,
    0x0, 0x0, 0x0, 0xdf, 0xf9, 0x0, 0x0, 0x0,
    0x0, 0x0, 0x0, 0xdf, 0xf9, 0x0, 0x0, 0x0,
    0x0, 0x0, 0x0, 0xdf, 0xf9, 0x0, 0x0, 0x0,
    0x0, 0x0, 0x0, 0x9f, 0xf5, 0x0, 0x0, 0x0,
    0x0, 0x0, 0x0, 0x1, 0x10, 0x0, 0x0, 0x0,

    /* U+F068 "" */
    0x36, 0x66, 0x66, 0x66, 0x66, 0x66, 0x66, 0x61,
    0xef, 0xff, 0xff, 0xff, 0xff, 0xff, 0xff, 0xfa,
    0xff, 0xff, 0xff, 0xff, 0xff, 0xff, 0xff, 0xfb,
    0xaf, 0xff, 0xff, 0xff, 0xff, 0xff, 0xff, 0xf6,

    /* U+F06E "" */
    0x0, 0x0, 0x0, 0x3, 0x68, 0x87, 0x40, 0x0,
    0x0, 0x0, 0x0, 0x0, 0x0, 0x8e, 0xff, 0xff,
    0xff, 0xf9, 0x20, 0x0, 0x0, 0x0, 0x4, 0xef,
    0xfd, 0x63, 0x25, 0xbf, 0xff, 0x70, 0x0, 0x0,
    0x7, 0xff, 0xfa, 0x0, 0x0, 0x0, 0x7f, 0xff,
    0xa0, 0x0, 0x6, 0xff, 0xfd, 0x0, 0x8, 0xfc,
    0x20, 0x9f, 0xff, 0xa0, 0x2, 0xff, 0xff, 0x50,
    0x0, 0x8f, 0xfe, 0x12, 0xff, 0xff, 0x60, 0xcf,
    0xff, 0xf2, 0x16, 0x7f, 0xff, 0xf5, 0xe, 0xff,
    0xfe, 0x1e, 0xff, 0xff, 0x12, 0xff, 0xff, 0xff,
    0x70, 0xdf, 0xff, 0xf2, 0x6f, 0xff, 0xf3, 0xe,
    0xff, 0xff, 0xf3, 0xf, 0xff, 0xfb, 0x0, 0xbf,
    0xff, 0x90, 0x4f, 0xff, 0xf8, 0x5, 0xff, 0xfe,
    0x10, 0x1, 0xdf, 0xff, 0x40, 0x28, 0x84, 0x1,
    0xef, 0xff, 0x30, 0x0, 0x1, 0xbf, 0xff, 0x60,
    0x0, 0x4, 0xef, 0xfd, 0x30, 0x0, 0x0, 0x0,
    0x6e, 0xff, 0xfb, 0xbe, 0xff, 0xf9, 0x0, 0x0,
    0x0, 0x0, 0x0, 0x5, 0xad, 0xff, 0xeb, 0x71,
    0x0, 0x0, 0x0,

    /* U+F070 "" */
    0x4a, 0x10, 0x0, 0x0, 0x0, 0x0, 0x0, 0x0,
    0x0, 0x0, 0x0, 0xe, 0xfe, 0x30, 0x0, 0x0,
    0x0, 0x0, 0x0, 0x0, 0x0, 0x0, 0x0, 0x5f,
    0xff, 0x60, 0x0, 0x15, 0x78, 0x74, 0x0, 0x0,
    0x0, 0x0, 0x0, 0x2d, 0xff, 0xa6, 0xdf, 0xff,
    0xff, 0xff, 0xa2, 0x0, 0x0, 0x0, 0x0, 0xa,
    0xff, 0xff, 0xe8, 0x32, 0x5b, 0xff, 0xf8, 0x0,
    0x0, 0x0, 0x0, 0x6, 0xff, 0xf6, 0x0, 0x10,
    0x6, 0xff, 0xfb, 0x0, 0x0, 0x0, 0x0, 0x3,
    0xef, 0xf8, 0x7f, 0xd3, 0x9, 0xff, 0xfb, 0x0,
    0x0, 0x1e, 0x70, 0x1, 0xbf, 0xfe, 0xff, 0xf2,
    0x1f, 0xff, 0xf7, 0x0, 0x9, 0xff, 0xa0, 0x0,
    0x8f, 0xff, 0xff, 0x70, 0xdf, 0xff, 0xf1, 0x0,
    0xcf, 0xff, 0xd1, 0x0, 0x5f, 0xff, 0xf9, 0xc,
    0xff, 0xff, 0x30, 0x5, 0xff, 0xff, 0x60, 0x0,
    0x2d, 0xff, 0xb0, 0xef, 0xff, 0xb0, 0x0, 0xa,
    0xff, 0xfc, 0x0, 0x0, 0xa, 0xff, 0xef, 0xff,
    0xe1, 0x0, 0x0, 0xc, 0xff, 0xf6, 0x0, 0x0,
    0x6, 0xff, 0xff, 0xf3, 0x0, 0x0, 0x0, 0xa,
    0xff, 0xf8, 0x10, 0x0, 0x3, 0xef, 0xfa, 0x0,
    0x0, 0x0, 0x0, 0x5, 0xef, 0xff, 0xcb, 0x80,
    0x1, 0xbf, 0xfb, 0x10, 0x0, 0x0, 0x0, 0x0,
    0x5a, 0xdf, 0xfe, 0x70, 0x0, 0x8f, 0xfe, 0x30,
    0x0, 0x0, 0x0, 0x0, 0x0, 0x0, 0x0, 0x0,
    0x0, 0x5f, 0xff, 0x30, 0x0, 0x0, 0x0, 0x0,
    0x0, 0x0, 0x0, 0x0, 0x0, 0x2d, 0xe1, 0x0,
    0x0, 0x0, 0x0, 0x0, 0x0, 0x0, 0x0, 0x0,
    0x0, 0x1, 0x0,

    /* U+F071 "" */
    0x0, 0x0, 0x0, 0x0, 0x1, 0xcd, 0x40, 0x0,
    0x0, 0x0, 0x0, 0x0, 0x0, 0x0, 0x0, 0xa,
    0xff, 0xe0, 0x0, 0x0, 0x0, 0x0, 0x0, 0x0,
    0x0, 0x0, 0x4f, 0xff, 0xf8, 0x0, 0x0, 0x0,
    0x0, 0x0, 0x0, 0x0, 0x0, 0xdf, 0xff, 0xff,
    0x10, 0x0, 0x0, 0x0, 0x0, 0x0, 0x0, 0x6,
    0xff, 0xff, 0xff, 0xa0, 0x0, 0x0, 0x0, 0x0,
    0x0, 0x0, 0xe, 0xff, 0xff, 0xff, 0xf3, 0x0,
    0x0, 0x0, 0x0, 0x0, 0x0, 0x8f, 0xfb, 0x33,
    0x8f, 0xfc, 0x0, 0x0, 0x0, 0x0, 0x0, 0x2,
    0xff, 0xf9, 0x0, 0x6f, 0xff, 0x60, 0x0, 0x0,
    0x0, 0x0, 0xa, 0xff, 0xfa, 0x0, 0x6f, 0xff,
    0xe0, 0x0, 0x0, 0x0, 0x0, 0x4f, 0xff, 0xfb,
    0x0, 0x7f, 0xff, 0xf8, 0x0, 0x0, 0x0, 0x0,
    0xdf, 0xff, 0xfc, 0x0, 0x8f, 0xff, 0xff, 0x10,
    0x0, 0x0, 0x6, 0xff, 0xff, 0xfd, 0x0, 0x9f,
    0xff, 0xff, 0xa0, 0x0, 0x0, 0xe, 0xff, 0xff,
    0xff, 0xcb, 0xff, 0xff, 0xff, 0xf3, 0x0, 0x0,
    0x8f, 0xff, 0xff, 0xfc, 0x0, 0x8f, 0xff, 0xff,
    0xfc, 0x0, 0x2, 0xff, 0xff, 0xff, 0xf9, 0x0,
    0x4f, 0xff, 0xff, 0xff, 0x60, 0xa, 0xff, 0xff,
    0xff, 0xfe, 0x42, 0xcf, 0xff, 0xff, 0xff, 0xe0,
    0xf, 0xff, 0xff, 0xff, 0xff, 0xff, 0xff, 0xff,
    0xff, 0xff, 0xf3, 0x9, 0xff, 0xff, 0xff, 0xff,
    0xff, 0xff, 0xff, 0xff, 0xff, 0xd0, 0x0, 0x23,
    0x33, 0x33, 0x33, 0x33, 0x33, 0x33, 0x33, 0x33,
    0x0,

    /* U+F074 "" */
    0x0, 0x0, 0x0, 0x0, 0x0, 0x0, 0x1, 0x40,
    0x0, 0x0, 0x0, 0x0, 0x0, 0x0, 0x0, 0x7,
    0xf9, 0x0, 0x12, 0x22, 0x10, 0x0, 0x0, 0x1,
    0x29, 0xff, 0x90, 0xff, 0xff, 0xe2, 0x0, 0x0,
    0x6f, 0xff, 0xff, 0xf8, 0xff, 0xff, 0xfe, 0x20,
    0x5, 0xff, 0xff, 0xff, 0xfd, 0x9a, 0xad, 0xff,
    0xd0, 0x5f, 0xff, 0xbd, 0xff, 0xe2, 0x0, 0x0,
    0xcf, 0x44, 0xff, 0xf9, 0x8, 0xfe, 0x20, 0x0,
    0x0, 0x4, 0x4f, 0xff, 0x90, 0x4, 0xd2, 0x0,
    0x0, 0x0, 0x3, 0xff, 0xfa, 0x0, 0x0, 0x10,
    0x0, 0x0, 0x0, 0x3f, 0xff, 0xa1, 0x91, 0x6,
    0xf6, 0x0, 0x0, 0x2, 0xef, 0xfb, 0xc, 0xfc,
    0x8, 0xff, 0x60, 0xef, 0xff, 0xff, 0xb0, 0x1d,
    0xff, 0xff, 0xff, 0xf6, 0xff, 0xff, 0xfc, 0x0,
    0x2, 0xef, 0xff, 0xff, 0xfe, 0xdd, 0xdd, 0xb0,
    0x0, 0x0, 0x2d, 0xde, 0xff, 0xf5, 0x0, 0x0,
    0x0, 0x0, 0x0, 0x0, 0x8, 0xff, 0x50, 0x0,
    0x0, 0x0, 0x0, 0x0, 0x0, 0x6, 0xf5, 0x0,
    0x0, 0x0, 0x0, 0x0, 0x0, 0x0, 0x0, 0x0,
    0x0,

    /* U+F077 "" */
    0x0, 0x0, 0x0, 0x4, 0x20, 0x0, 0x0, 0x0,
    0x0, 0x0, 0x0, 0x5f, 0xe2, 0x0, 0x0, 0x0,
    0x0, 0x0, 0x5, 0xff, 0xfe, 0x20, 0x0, 0x0,
    0x0, 0x0, 0x5f, 0xff, 0xff, 0xe3, 0x0, 0x0,
    0x0, 0x6, 0xff, 0xfa, 0xcf, 0xfe, 0x30, 0x0,
    0x0, 0x6f, 0xff, 0x90, 0xc, 0xff, 0xe3, 0x0,
    0x6, 0xff, 0xf9, 0x0, 0x0, 0xcf, 0xfe, 0x30,
    0x5f, 0xff, 0x90, 0x0, 0x0, 0xc, 0xff, 0xe2,
    0xaf, 0xf9, 0x0, 0x0, 0x0, 0x0, 0xcf, 0xf6,
    0x1b, 0x80, 0x0, 0x0, 0x0, 0x0, 0xb, 0x90,

    /* U+F078 "" */
    0x3, 0x20, 0x0, 0x0, 0x0, 0x0, 0x3, 0x20,
    0x6f, 0xe2, 0x0, 0x0, 0x0, 0x0, 0x5f, 0xf2,
    0xaf, 0xfe, 0x30, 0x0, 0x0, 0x5, 0xff, 0xf6,
    0x1c, 0xff, 0xe3, 0x0, 0x0, 0x5f, 0xff, 0x90,
    0x1, 0xcf, 0xfe, 0x30, 0x5, 0xff, 0xf9, 0x0,
    0x0, 0x1c, 0xff, 0xe3, 0x5f, 0xff, 0x90, 0x0,
    0x0, 0x1, 0xcf, 0xff, 0xff, 0xf9, 0x0, 0x0,
    0x0, 0x0, 0x1c, 0xff, 0xff, 0x90, 0x0, 0x0,
    0x0, 0x0, 0x1, 0xcf, 0xf9, 0x0, 0x0, 0x0,
    0x0, 0x0, 0x0, 0x1b, 0x90, 0x0, 0x0, 0x0,

    /* U+F079 "" */
    0x0, 0x0, 0x26, 0x0, 0x0, 0x0, 0x0, 0x0,
    0x0, 0x0, 0x0, 0x0, 0x0, 0x2, 0xef, 0xa0,
    0x0, 0x44, 0x44, 0x44, 0x44, 0x42, 0x0, 0x0,
    0x0, 0x2e, 0xff, 0xfa, 0x4, 0xff, 0xff, 0xff,
    0xff, 0xfd, 0x0, 0x0, 0x3, 0xef, 0xff, 0xff,
    0xa0, 0xaf, 0xff, 0xff, 0xff, 0xfe, 0x0, 0x0,
    0xe, 0xfd, 0xef, 0xcf, 0xf8, 0x0, 0x0, 0x0,
    0x5, 0xfe, 0x0, 0x0, 0xb, 0xe2, 0xdf, 0x67,
    0xf5, 0x0, 0x0, 0x0, 0x5, 0xfe, 0x0, 0x0,
    0x0, 0x0, 0xdf, 0x60, 0x0, 0x0, 0x0, 0x0,
    0x5, 0xfe, 0x0, 0x0, 0x0, 0x0, 0xdf, 0x60,
    0x0, 0x0, 0x0, 0x0, 0x5, 0xfe, 0x0, 0x0,
    0x0, 0x0, 0xdf, 0x60, 0x0, 0x0, 0x0, 0x4,
    0x15, 0xfe, 0x3, 0x20, 0x0, 0x0, 0xdf, 0x60,
    0x0, 0x0, 0x0, 0x6f, 0xd6, 0xfe, 0x4f, 0xf1,
    0x0, 0x0, 0xdf, 0x94, 0x44, 0x44, 0x41, 0x3f,
    0xff, 0xff, 0xff, 0xc0, 0x0, 0x0, 0xdf, 0xff,
    0xff, 0xff, 0xff, 0x24, 0xff, 0xff, 0xfc, 0x10,
    0x0, 0x0, 0x9f, 0xff, 0xff, 0xff, 0xfe, 0x30,
    0x4f, 0xff, 0xc0, 0x0, 0x0, 0x0, 0x0, 0x0,
    0x0, 0x0, 0x0, 0x0, 0x4, 0xfc, 0x0, 0x0,
    0x0, 0x0, 0x0, 0x0, 0x0, 0x0, 0x0, 0x0,
    0x0, 0x10, 0x0, 0x0,

    /* U+F07B "" */
    0x17, 0x88, 0x88, 0x84, 0x0, 0x0, 0x0, 0x0,
    0x0, 0xcf, 0xff, 0xff, 0xff, 0x50, 0x0, 0x0,
    0x0, 0x0, 0xff, 0xff, 0xff, 0xff, 0xf6, 0x44,
    0x44, 0x44, 0x30, 0xff, 0xff, 0xff, 0xff, 0xff,
    0xff, 0xff, 0xff, 0xfa, 0xff, 0xff, 0xff, 0xff,
    0xff, 0xff, 0xff, 0xff, 0xff, 0xff, 0xff, 0xff,
    0xff, 0xff, 0xff, 0xff, 0xff, 0xff, 0xff, 0xff,
    0xff, 0xff, 0xff, 0xff, 0xff, 0xff, 0xff, 0xff,
    0xff, 0xff, 0xff, 0xff, 0xff, 0xff, 0xff, 0xff,
    0xff, 0xff, 0xff, 0xff, 0xff, 0xff, 0xff, 0xff,
    0xff, 0xff, 0xff, 0xff, 0xff, 0xff, 0xff, 0xff,
    0xff, 0xff, 0xff, 0xff, 0xff, 0xff, 0xff, 0xff,
    0xff, 0xff, 0xff, 0xff, 0xff, 0xff, 0xff, 0xff,
    0xff, 0xff, 0xff, 0xff, 0xff, 0xff, 0xff, 0xff,
    0xff, 0xff, 0xff, 0xff, 0xff, 0x7f, 0xff, 0xff,
    0xff, 0xff, 0xff, 0xff, 0xff, 0xf6,

    /* U+F093 "" */
    0x0, 0x0, 0x0, 0x0, 0x47, 0x0, 0x0, 0x0,
    0x0, 0x0, 0x0, 0x0, 0x4, 0xff, 0x90, 0x0,
    0x0, 0x0, 0x0, 0x0, 0x0, 0x4f, 0xff, 0xf9,
    0x0, 0x0, 0x0, 0x0, 0x0, 0x4, 0xff, 0xff,
    0xff, 0x90, 0x0, 0x0, 0x0, 0x0, 0x4f, 0xff,
    0xff, 0xff, 0xf9, 0x0, 0x0, 0x0, 0x4, 0xff,
    0xff, 0xff, 0xff, 0xff, 0x90, 0x0, 0x0, 0xc,
    0xff, 0xff, 0xff, 0xff, 0xff, 0xf1, 0x0, 0x0,
    0x0, 0x11, 0x2f, 0xff, 0xf7, 0x11, 0x10, 0x0,
    0x0, 0x0, 0x0, 0x1f, 0xff, 0xf6, 0x0, 0x0,
    0x0, 0x0, 0x0, 0x0, 0x1f, 0xff, 0xf6, 0x0,
    0x0, 0x0, 0x0, 0x0, 0x0, 0x1f, 0xff, 0xf6,
    0x0, 0x0, 0x0, 0x0, 0x0, 0x0, 0x1f, 0xff,
    0xf6, 0x0, 0x0, 0x0, 0x24, 0x44, 0x42, 0x1f,
    0xff, 0xf6, 0x24, 0x44, 0x42, 0xff, 0xff, 0xfc,
    0x8, 0xbb, 0xa2, 0xcf, 0xff, 0xff, 0xff, 0xff,
    0xff, 0xa5, 0x55, 0x5a, 0xff, 0xff, 0xff, 0xff,
    0xff, 0xff, 0xff, 0xff, 0xff, 0xff, 0xff, 0xff,
    0xff, 0xff, 0xff, 0xff, 0xff, 0xff, 0x66, 0xc4,
    0xff, 0xdf, 0xff, 0xff, 0xff, 0xff, 0xff, 0xff,
    0xff, 0xfd, 0x0, 0x0, 0x0, 0x0, 0x0, 0x0,
    0x0, 0x0, 0x0,

    /* U+F095 "" */
    0x0, 0x0, 0x0, 0x0, 0x0, 0x0, 0x2, 0xb8,
    0x41, 0x0, 0x0, 0x0, 0x0, 0x0, 0x0, 0x0,
    0x9f, 0xff, 0xfb, 0x0, 0x0, 0x0, 0x0, 0x0,
    0x0, 0x1f, 0xff, 0xff, 0xf0, 0x0, 0x0, 0x0,
    0x0, 0x0, 0x7, 0xff, 0xff, 0xfe, 0x0, 0x0,
    0x0, 0x0, 0x0, 0x0, 0xdf, 0xff, 0xff, 0xc0,
    0x0, 0x0, 0x0, 0x0, 0x0, 0xc, 0xff, 0xff,
    0xf9, 0x0, 0x0, 0x0, 0x0, 0x0, 0x0, 0xa,
    0xff, 0xff, 0x50, 0x0, 0x0, 0x0, 0x0, 0x0,
    0x0, 0xc, 0xff, 0xf1, 0x0, 0x0, 0x0, 0x0,
    0x0, 0x0, 0x3, 0xff, 0xfa, 0x0, 0x0, 0x0,
    0x0, 0x0, 0x0, 0x0, 0xdf, 0xff, 0x20, 0x0,
    0x0, 0x0, 0x0, 0x0, 0x0, 0xaf, 0xff, 0x90,
    0x0, 0x0, 0x4, 0xa5, 0x0, 0x0, 0xaf, 0xff,
    0xd0, 0x0, 0x0, 0x7d, 0xff, 0xf4, 0x2, 0xcf,
    0xff, 0xe2, 0x0, 0x0, 0xdf, 0xff, 0xff, 0xe9,
    0xff, 0xff, 0xf3, 0x0, 0x0, 0xd, 0xff, 0xff,
    0xff, 0xff, 0xff, 0xe2, 0x0, 0x0, 0x0, 0x9f,
    0xff, 0xff, 0xff, 0xff, 0xa1, 0x0, 0x0, 0x0,
    0x6, 0xff, 0xff, 0xff, 0xfc, 0x40, 0x0, 0x0,
    0x0, 0x0, 0x2f, 0xff, 0xfd, 0x83, 0x0, 0x0,
    0x0, 0x0, 0x0, 0x0, 0x23, 0x20, 0x0, 0x0,
    0x0, 0x0, 0x0, 0x0, 0x0,

    /* U+F0C4 "" */
    0x0, 0x35, 0x20, 0x0, 0x0, 0x0, 0x0, 0x0,
    0x1c, 0xff, 0xfa, 0x0, 0x0, 0x1, 0x9c, 0xa1,
    0xaf, 0xfe, 0xff, 0x60, 0x0, 0x2e, 0xff, 0xf9,
    0xef, 0x60, 0xaf, 0xb0, 0x3, 0xef, 0xff, 0xb0,
    0xef, 0x92, 0xcf, 0x90, 0x3e, 0xff, 0xfa, 0x0,
    0x7f, 0xff, 0xff, 0xe6, 0xff, 0xff, 0xa0, 0x0,
    0x8, 0xff, 0xff, 0xff, 0xff, 0xfa, 0x0, 0x0,
    0x0, 0x1, 0xcf, 0xff, 0xff, 0xa0, 0x0, 0x0,
    0x0, 0x0, 0x3f, 0xff, 0xff, 0x10, 0x0, 0x0,
    0x0, 0x36, 0xef, 0xff, 0xff, 0xd1, 0x0, 0x0,
    0x1c, 0xff, 0xff, 0xff, 0xff, 0xfd, 0x10, 0x0,
    0xaf, 0xfe, 0xff, 0xc2, 0xdf, 0xff, 0xd1, 0x0,
    0xef, 0x60, 0xaf, 0xa0, 0x1c, 0xff, 0xfe, 0x20,
    0xef, 0x92, 0xcf, 0xa0, 0x0, 0xcf, 0xff, 0xe2,
    0x7f, 0xff, 0xff, 0x40, 0x0, 0xb, 0xff, 0xf9,
    0x8, 0xff, 0xe5, 0x0, 0x0, 0x0, 0x58, 0x50,
    0x0, 0x1, 0x0, 0x0, 0x0, 0x0, 0x0, 0x0,

    /* U+F0C5 "" */
    0x0, 0x0, 0x6f, 0xff, 0xff, 0xf1, 0x68, 0x0,
    0x0, 0x0, 0xaf, 0xff, 0xff, 0xf1, 0x7f, 0x80,
    0x0, 0x0, 0xaf, 0xff, 0xff, 0xf1, 0x7f, 0xf8,
    0x36, 0x62, 0xaf, 0xff, 0xff, 0xf1, 0x36, 0x66,
    0xff, 0xf6, 0xaf, 0xff, 0xff, 0xf6, 0x22, 0x22,
    0xff, 0xf6, 0xaf, 0xff, 0xff, 0xff, 0xff, 0xfe,
    0xff, 0xf6, 0xaf, 0xff, 0xff, 0xff, 0xff, 0xfe,
    0xff, 0xf6, 0xaf, 0xff, 0xff, 0xff, 0xff, 0xfe,
    0xff, 0xf6, 0xaf, 0xff, 0xff, 0xff, 0xff, 0xfe,
    0xff, 0xf6, 0xaf, 0xff, 0xff, 0xff, 0xff, 0xfe,
    0xff, 0xf6, 0xaf, 0xff, 0xff, 0xff, 0xff, 0xfe,
    0xff, 0xf6, 0xaf, 0xff, 0xff, 0xff, 0xff, 0xfe,
    0xff, 0xf6, 0xaf, 0xff, 0xff, 0xff, 0xff, 0xfe,
    0xff, 0xf6, 0xaf, 0xff, 0xff, 0xff, 0xff, 0xfe,
    0xff, 0xf7, 0x6f, 0xff, 0xff, 0xff, 0xff, 0xfa,
    0xff, 0xfe, 0x30, 0x0, 0x0, 0x0, 0x0, 0x0,
    0xff, 0xff, 0xff, 0xff, 0xff, 0xf1, 0x0, 0x0,
    0xef, 0xff, 0xff, 0xff, 0xff, 0xf0, 0x0, 0x0,
    0x14, 0x44, 0x44, 0x44, 0x44, 0x20, 0x0, 0x0,

    /* U+F0C7 "" */
    0x5, 0x66, 0x66, 0x66, 0x66, 0x64, 0x0, 0x0,
    0xcf, 0xff, 0xff, 0xff, 0xff, 0xff, 0x90, 0x0,
    0xff, 0xed, 0xdd, 0xdd, 0xdd, 0xef, 0xf9, 0x0,
    0xff, 0x40, 0x0, 0x0, 0x0, 0xf, 0xff, 0x90,
    0xff, 0x40, 0x0, 0x0, 0x0, 0xe, 0xff, 0xf6,
    0xff, 0x40, 0x0, 0x0, 0x0, 0xe, 0xff, 0xf9,
    0xff, 0x40, 0x0, 0x0, 0x0, 0xf, 0xff, 0xf9,
    0xff, 0xff, 0xff, 0xff, 0xff, 0xff, 0xff, 0xf9,
    0xff, 0xff, 0xff, 0xff, 0xff, 0xff, 0xff, 0xf9,
    0xff, 0xff, 0xff, 0xc5, 0x7f, 0xff, 0xff, 0xf9,
    0xff, 0xff, 0xfe, 0x0, 0x5, 0xff, 0xff, 0xf9,
    0xff, 0xff, 0xfa, 0x0, 0x1, 0xff, 0xff, 0xf9,
    0xff, 0xff, 0xfd, 0x0, 0x4, 0xff, 0xff, 0xf9,
    0xff, 0xff, 0xff, 0x93, 0x4d, 0xff, 0xff, 0xf9,
    0xff, 0xff, 0xff, 0xff, 0xff, 0xff, 0xff, 0xf8,
    0x8f, 0xff, 0xff, 0xff, 0xff, 0xff, 0xff, 0xe3,
    0x1, 0x22, 0x22, 0x22, 0x22, 0x22, 0x21, 0x0,

    /* U+F0C9 "" */
    0x79, 0x99, 0x99, 0x99, 0x99, 0x99, 0x99, 0x95,
    0xff, 0xff, 0xff, 0xff, 0xff, 0xff, 0xff, 0xfc,
    0xdf, 0xff, 0xff, 0xff, 0xff, 0xff, 0xff, 0xfa,
    0x0, 0x0, 0x0, 0x0, 0x0, 0x0, 0x0, 0x0,
    0x0, 0x0, 0x0, 0x0, 0x0, 0x0, 0x0, 0x0,
    0x0, 0x0, 0x0, 0x0, 0x0, 0x0, 0x0, 0x0,
    0xef, 0xff, 0xff, 0xff, 0xff, 0xff, 0xff, 0xfa,
    0xff, 0xff, 0xff, 0xff, 0xff, 0xff, 0xff, 0xfb,
    0x68, 0x88, 0x88, 0x88, 0x88, 0x88, 0x88, 0x84,
    0x0, 0x0, 0x0, 0x0, 0x0, 0x0, 0x0, 0x0,
    0x0, 0x0, 0x0, 0x0, 0x0, 0x0, 0x0, 0x0,
    0x67, 0x77, 0x77, 0x77, 0x77, 0x77, 0x77, 0x74,
    0xff, 0xff, 0xff, 0xff, 0xff, 0xff, 0xff, 0xfb,
    0xef, 0xff, 0xff, 0xff, 0xff, 0xff, 0xff, 0xfa,
    0x0, 0x0, 0x0, 0x0, 0x0, 0x0, 0x0, 0x0,

    /* U+F0E0 "" */
    0x3, 0x44, 0x44, 0x44, 0x44, 0x44, 0x44, 0x44,
    0x30, 0xaf, 0xff, 0xff, 0xff, 0xff, 0xff, 0xff,
    0xff, 0xfa, 0xff, 0xff, 0xff, 0xff, 0xff, 0xff,
    0xff, 0xff, 0xff, 0xcf, 0xff, 0xff, 0xff, 0xff,
    0xff, 0xff, 0xff, 0xfc, 0xa, 0xff, 0xff, 0xff,
    0xff, 0xff, 0xff, 0xff, 0xa0, 0xa1, 0x6f, 0xff,
    0xff, 0xff, 0xff, 0xff, 0xf6, 0x3d, 0xfe, 0x42,
    0xdf, 0xff, 0xff, 0xff, 0xfd, 0x26, 0xff, 0xff,
    0xf9, 0x19, 0xff, 0xff, 0xff, 0x91, 0xbf, 0xff,
    0xff, 0xff, 0xd3, 0x5f, 0xff, 0xe5, 0x4e, 0xff,
    0xff, 0xff, 0xff, 0xff, 0x71, 0x99, 0x17, 0xff,
    0xff, 0xff, 0xff, 0xff, 0xff, 0xfd, 0x77, 0xdf,
    0xff, 0xff, 0xff, 0xff, 0xff, 0xff, 0xff, 0xff,
    0xff, 0xff, 0xff, 0xff, 0xff, 0xff, 0xff, 0xff,
    0xff, 0xff, 0xff, 0xff, 0xff, 0x7f, 0xff, 0xff,
    0xff, 0xff, 0xff, 0xff, 0xff, 0xf6,

    /* U+F0E7 "" */
    0x0, 0xaf, 0xff, 0xff, 0xa0, 0x0, 0x0, 0xf,
    0xff, 0xff, 0xfb, 0x0, 0x0, 0x1, 0xff, 0xff,
    0xff, 0x60, 0x0, 0x0, 0x3f, 0xff, 0xff, 0xf1,
    0x0, 0x0, 0x5, 0xff, 0xff, 0xfb, 0x0, 0x0,
    0x0, 0x8f, 0xff, 0xff, 0xa5, 0x55, 0x40, 0xa,
    0xff, 0xff, 0xff, 0xff, 0xff, 0x30, 0xcf, 0xff,
    0xff, 0xff, 0xff, 0xc0, 0xe, 0xff, 0xff, 0xff,
    0xff, 0xf3, 0x0, 0xef, 0xff, 0xff, 0xff, 0xfa,
    0x0, 0x1, 0x22, 0x23, 0xff, 0xff, 0x10, 0x0,
    0x0, 0x0, 0x4f, 0xff, 0x70, 0x0, 0x0, 0x0,
    0x8, 0xff, 0xe0, 0x0, 0x0, 0x0, 0x0, 0xcf,
    0xf5, 0x0, 0x0, 0x0, 0x0, 0xf, 0xfc, 0x0,
    0x0, 0x0, 0x0, 0x3, 0xff, 0x30, 0x0, 0x0,
    0x0, 0x0, 0x7f, 0x90, 0x0, 0x0, 0x0, 0x0,
    0x7, 0xe1, 0x0, 0x0, 0x0, 0x0, 0x0, 0x0,
    0x0, 0x0, 0x0, 0x0,

    /* U+F0EA "" */
    0x0, 0x0, 0x8d, 0x90, 0x0, 0x0, 0x0, 0x0,
    0x8b, 0xbc, 0xfa, 0xfd, 0xbb, 0x90, 0x0, 0x0,
    0xff, 0xff, 0xd0, 0xcf, 0xff, 0xf1, 0x0, 0x0,
    0xff, 0xff, 0xf8, 0xff, 0xff, 0xf1, 0x0, 0x0,
    0xff, 0xff, 0xff, 0xff, 0xff, 0xf1, 0x0, 0x0,
    0xff, 0xff, 0xf3, 0x0, 0x0, 0x0, 0x0, 0x0,
    0xff, 0xff, 0x95, 0xff, 0xff, 0xf1, 0x79, 0x0,
    0xff, 0xff, 0x88, 0xff, 0xff, 0xf1, 0x7f, 0xb0,
    0xff, 0xff, 0x88, 0xff, 0xff, 0xf1, 0x7f, 0xfa,
    0xff, 0xff, 0x88, 0xff, 0xff, 0xf2, 0x2, 0x21,
    0xff, 0xff, 0x88, 0xff, 0xff, 0xff, 0xdd, 0xdc,
    0xff, 0xff, 0x88, 0xff, 0xff, 0xff, 0xff, 0xfe,
    0xff, 0xff, 0x88, 0xff, 0xff, 0xff, 0xff, 0xfe,
    0xff, 0xff, 0x88, 0xff, 0xff, 0xff, 0xff, 0xfe,
    0x7a, 0xaa, 0x58, 0xff, 0xff, 0xff, 0xff, 0xfe,
    0x0, 0x0, 0x8, 0xff, 0xff, 0xff, 0xff, 0xfe,
    0x0, 0x0, 0x8, 0xff, 0xff, 0xff, 0xff, 0xfe,
    0x0, 0x0, 0x6, 0xff, 0xff, 0xff, 0xff, 0xfc,
    0x0, 0x0, 0x0, 0x0, 0x0, 0x0, 0x0, 0x0,

    /* U+F0F3 "" */
    0x0, 0x0, 0x0, 0x8, 0x60, 0x0, 0x0, 0x0,
    0x0, 0x0, 0x0, 0x3f, 0xf0, 0x0, 0x0, 0x0,
    0x0, 0x0, 0x6, 0xcf, 0xfa, 0x40, 0x0, 0x0,
    0x0, 0x1, 0xcf, 0xff, 0xff, 0xf9, 0x0, 0x0,
    0x0, 0xc, 0xff, 0xff, 0xff, 0xff, 0x80, 0x0,
    0x0, 0x5f, 0xff, 0xff, 0xff, 0xff, 0xf1, 0x0,
    0x0, 0x9f, 0xff, 0xff, 0xff, 0xff, 0xf5, 0x0,
    0x0, 0xbf, 0xff, 0xff, 0xff, 0xff, 0xf7, 0x0,
    0x0, 0xcf, 0xff, 0xff, 0xff, 0xff, 0xf8, 0x0,
    0x0, 0xef, 0xff, 0xff, 0xff, 0xff, 0xfa, 0x0,
    0x2, 0xff, 0xff, 0xff, 0xff, 0xff, 0xfe, 0x0,
    0x8, 0xff, 0xff, 0xff, 0xff, 0xff, 0xff, 0x40,
    0x3f, 0xff, 0xff, 0xff, 0xff, 0xff, 0xff, 0xd1,
    0xef, 0xff, 0xff, 0xff, 0xff, 0xff, 0xff, 0xfa,
    0xaf, 0xff, 0xff, 0xff, 0xff, 0xff, 0xff, 0xf7,
    0x0, 0x0, 0x0, 0x0, 0x0, 0x0, 0x0, 0x0,
    0x0, 0x0, 0x4, 0xff, 0xff, 0x0, 0x0, 0x0,
    0x0, 0x0, 0x0, 0xbf, 0xf7, 0x0, 0x0, 0x0,
    0x0, 0x0, 0x0, 0x2, 0x10, 0x0, 0x0, 0x0,

    /* U+F11C "" */
    0x4, 0x44, 0x44, 0x44, 0x44, 0x44, 0x44, 0x44,
    0x44, 0x41, 0xb, 0xff, 0xff, 0xff, 0xff, 0xff,
    0xff, 0xff, 0xff, 0xff, 0xe0, 0xff, 0xff, 0xff,
    0xff, 0xff, 0xff, 0xff, 0xff, 0xff, 0xff, 0x3f,
    0xf4, 0x4, 0xd0, 0x2f, 0x0, 0xf3, 0x3, 0xf0,
    0xf, 0xf4, 0xff, 0x40, 0x5d, 0x2, 0xf0, 0xf,
    0x40, 0x4f, 0x0, 0xff, 0x4f, 0xff, 0xff, 0xff,
    0xff, 0xff, 0xff, 0xff, 0xff, 0xff, 0xf4, 0xff,
    0xff, 0x22, 0xb7, 0x29, 0xa2, 0x4f, 0x42, 0xcf,
    0xff, 0x4f, 0xff, 0xf0, 0xa, 0x60, 0x79, 0x2,
    0xf2, 0xb, 0xff, 0xf4, 0xff, 0xff, 0xdd, 0xfe,
    0xdf, 0xfd, 0xef, 0xed, 0xff, 0xff, 0x4f, 0xf8,
    0x48, 0xe4, 0x44, 0x44, 0x44, 0x47, 0xf4, 0x5f,
    0xf4, 0xff, 0x40, 0x4d, 0x0, 0x0, 0x0, 0x0,
    0x3e, 0x0, 0xff, 0x4f, 0xf7, 0x48, 0xe4, 0x44,
    0x44, 0x44, 0x47, 0xf4, 0x4f, 0xf4, 0xff, 0xff,
    0xff, 0xff, 0xff, 0xff, 0xff, 0xff, 0xff, 0xff,
    0x37, 0xff, 0xff, 0xff, 0xff, 0xff, 0xff, 0xff,
    0xff, 0xff, 0xa0,

    /* U+F124 "" */
    0x0, 0x0, 0x0, 0x0, 0x0, 0x0, 0x0, 0x0,
    0x0, 0x0, 0x0, 0x0, 0x0, 0x0, 0x0, 0x0,
    0x0, 0x1, 0x8b, 0x30, 0x0, 0x0, 0x0, 0x0,
    0x0, 0x0, 0x2, 0xaf, 0xff, 0xd0, 0x0, 0x0,
    0x0, 0x0, 0x0, 0x3, 0xbf, 0xff, 0xff, 0xd0,
    0x0, 0x0, 0x0, 0x0, 0x5, 0xcf, 0xff, 0xff,
    0xff, 0x70, 0x0, 0x0, 0x0, 0x6, 0xdf, 0xff,
    0xff, 0xff, 0xfe, 0x0, 0x0, 0x0, 0x17, 0xef,
    0xff, 0xff, 0xff, 0xff, 0xf8, 0x0, 0x0, 0x29,
    0xff, 0xff, 0xff, 0xff, 0xff, 0xff, 0xf1, 0x0,
    0x7, 0xff, 0xff, 0xff, 0xff, 0xff, 0xff, 0xff,
    0x90, 0x0, 0xf, 0xff, 0xff, 0xff, 0xff, 0xff,
    0xff, 0xff, 0x20, 0x0, 0xb, 0xff, 0xff, 0xff,
    0xff, 0xff, 0xff, 0xfb, 0x0, 0x0, 0x0, 0x56,
    0x66, 0x66, 0x7f, 0xff, 0xff, 0xf3, 0x0, 0x0,
    0x0, 0x0, 0x0, 0x0, 0x2f, 0xff, 0xff, 0xc0,
    0x0, 0x0, 0x0, 0x0, 0x0, 0x0, 0x2f, 0xff,
    0xff, 0x50, 0x0, 0x0, 0x0, 0x0, 0x0, 0x0,
    0x2f, 0xff, 0xfd, 0x0, 0x0, 0x0, 0x0, 0x0,
    0x0, 0x0, 0x2f, 0xff, 0xf6, 0x0, 0x0, 0x0,
    0x0, 0x0, 0x0, 0x0, 0x2f, 0xff, 0xe0, 0x0,
    0x0, 0x0, 0x0, 0x0, 0x0, 0x0, 0x1f, 0xff,
    0x70, 0x0, 0x0, 0x0, 0x0, 0x0, 0x0, 0x0,
    0xc, 0xfd, 0x0, 0x0, 0x0, 0x0, 0x0, 0x0,
    0x0, 0x0, 0x0, 0x30, 0x0, 0x0, 0x0, 0x0,

    /* U+F15B "" */
    0x58, 0x88, 0x88, 0x87, 0x6, 0x0, 0x0, 0xff,
    0xff, 0xff, 0xfe, 0xf, 0x90, 0x0, 0xff, 0xff,
    0xff, 0xfe, 0xf, 0xf9, 0x0, 0xff, 0xff, 0xff,
    0xfe, 0xf, 0xff, 0x90, 0xff, 0xff, 0xff, 0xfe,
    0xf, 0xff, 0xf5, 0xff, 0xff, 0xff, 0xff, 0x32,
    0x22, 0x21, 0xff, 0xff, 0xff, 0xff, 0xff, 0xff,
    0xf8, 0xff, 0xff, 0xff, 0xff, 0xff, 0xff, 0xf8,
    0xff, 0xff, 0xff, 0xff, 0xff, 0xff, 0xf8, 0xff,
    0xff, 0xff, 0xff, 0xff, 0xff, 0xf8, 0xff, 0xff,
    0xff, 0xff, 0xff, 0xff, 0xf8, 0xff, 0xff, 0xff,
    0xff, 0xff, 0xff, 0xf8, 0xff, 0xff, 0xff, 0xff,
    0xff, 0xff, 0xf8, 0xff, 0xff, 0xff, 0xff, 0xff,
    0xff, 0xf8, 0xff, 0xff, 0xff, 0xff, 0xff, 0xff,
    0xf8, 0xff, 0xff, 0xff, 0xff, 0xff, 0xff, 0xf8,
    0xff, 0xff, 0xff, 0xff, 0xff, 0xff, 0xf8, 0xef,
    0xff, 0xff, 0xff, 0xff, 0xff, 0xf6, 0x14, 0x44,
    0x44, 0x44, 0x44, 0x44, 0x30,

    /* U+F1EB "" */
    0x0, 0x0, 0x0, 0x0, 0x0, 0x0, 0x0, 0x0,
    0x0, 0x0, 0x0, 0x0, 0x0, 0x0, 0x0, 0x36,
    0x89, 0xa9, 0x74, 0x10, 0x0, 0x0, 0x0, 0x0,
    0x0, 0x29, 0xef, 0xff, 0xff, 0xff, 0xff, 0xc6,
    0x0, 0x0, 0x0, 0x1, 0xaf, 0xff, 0xff, 0xff,
    0xff, 0xff, 0xff, 0xfe, 0x60, 0x0, 0x6, 0xff,
    0xff, 0xfc, 0x75, 0x43, 0x46, 0x9e, 0xff, 0xff,
    0xb1, 0x8, 0xff, 0xfe, 0x71, 0x0, 0x0, 0x0,
    0x0, 0x3, 0xcf, 0xff, 0xe2, 0xcf, 0xfa, 0x10,
    0x0, 0x0, 0x0, 0x0, 0x0, 0x0, 0x4e, 0xff,
    0x40, 0xb6, 0x0, 0x0, 0x59, 0xde, 0xfe, 0xc7,
    0x20, 0x0, 0x1b, 0x50, 0x0, 0x0, 0x5, 0xdf,
    0xff, 0xff, 0xff, 0xff, 0xa1, 0x0, 0x0, 0x0,
    0x0, 0x9, 0xff, 0xff, 0xfe, 0xde, 0xff, 0xff,
    0xe3, 0x0, 0x0, 0x0, 0x0, 0xdf, 0xfc, 0x40,
    0x0, 0x2, 0x8f, 0xff, 0x50, 0x0, 0x0, 0x0,
    0x1, 0xb6, 0x0, 0x0, 0x0, 0x0, 0x1b, 0x60,
    0x0, 0x0, 0x0, 0x0, 0x0, 0x0, 0x0, 0x35,
    0x0, 0x0, 0x0, 0x0, 0x0, 0x0, 0x0, 0x0,
    0x0, 0x0, 0x7f, 0xfe, 0x10, 0x0, 0x0, 0x0,
    0x0, 0x0, 0x0, 0x0, 0x0, 0xe, 0xff, 0xf6,
    0x0, 0x0, 0x0, 0x0, 0x0, 0x0, 0x0, 0x0,
    0x0, 0xdf, 0xff, 0x50, 0x0, 0x0, 0x0, 0x0,
    0x0, 0x0, 0x0, 0x0, 0x4, 0xff, 0xb0, 0x0,
    0x0, 0x0, 0x0, 0x0, 0x0, 0x0, 0x0, 0x0,
    0x0, 0x10, 0x0, 0x0, 0x0, 0x0, 0x0,

    /* U+F240 "" */
    0x4, 0x44, 0x44, 0x44, 0x44, 0x44, 0x44, 0x44,
    0x44, 0x44, 0x10, 0xa, 0xff, 0xff, 0xff, 0xff,
    0xff, 0xff, 0xff, 0xff, 0xff, 0xfe, 0x10, 0xff,
    0xff, 0xff, 0xff, 0xff, 0xff, 0xff, 0xff, 0xff,
    0xff, 0xf5, 0xf, 0xf4, 0x0, 0x0, 0x0, 0x0,
    0x0, 0x0, 0x0, 0x0, 0xff, 0xf3, 0xff, 0x4a,
    0xff, 0xff, 0xff, 0xff, 0xff, 0xff, 0xff, 0xf,
    0xff, 0x5f, 0xf4, 0xaf, 0xff, 0xff, 0xff, 0xff,
    0xff, 0xff, 0xf0, 0x3f, 0xf5, 0xff, 0x4a, 0xff,
    0xff, 0xff, 0xff, 0xff, 0xff, 0xff, 0x0, 0xef,
    0x5f, 0xf4, 0xaf, 0xff, 0xff, 0xff, 0xff, 0xff,
    0xff, 0xf0, 0x8f, 0xf5, 0xff, 0x45, 0x88, 0x88,
    0x88, 0x88, 0x88, 0x88, 0x88, 0xf, 0xff, 0x5f,
    0xf7, 0x44, 0x44, 0x44, 0x44, 0x44, 0x44, 0x44,
    0x45, 0xff, 0xc1, 0xff, 0xff, 0xff, 0xff, 0xff,
    0xff, 0xff, 0xff, 0xff, 0xff, 0xf5, 0x6, 0xef,
    0xff, 0xff, 0xff, 0xff, 0xff, 0xff, 0xff, 0xff,
    0xfb, 0x0,

    /* U+F241 "" */
    0x4, 0x44, 0x44, 0x44, 0x44, 0x44, 0x44, 0x44,
    0x44, 0x44, 0x10, 0xa, 0xff, 0xff, 0xff, 0xff,
    0xff, 0xff, 0xff, 0xff, 0xff, 0xfe, 0x10, 0xff,
    0xff, 0xff, 0xff, 0xff, 0xff, 0xff, 0xff, 0xff,
    0xff, 0xf5, 0xf, 0xf4, 0x0, 0x0, 0x0, 0x0,
    0x0, 0x0, 0x0, 0x0, 0xff, 0xf3, 0xff, 0x4d,
    0xff, 0xff, 0xff, 0xff, 0xff, 0x60, 0x0, 0xf,
    0xff, 0x5f, 0xf4, 0xdf, 0xff, 0xff, 0xff, 0xff,
    0xf6, 0x0, 0x0, 0x3f, 0xf5, 0xff, 0x4d, 0xff,
    0xff, 0xff, 0xff, 0xff, 0x60, 0x0, 0x0, 0xef,
    0x5f, 0xf4, 0xdf, 0xff, 0xff, 0xff, 0xff, 0xf6,
    0x0, 0x0, 0x8f, 0xf5, 0xff, 0x46, 0x88, 0x88,
    0x88, 0x88, 0x88, 0x30, 0x0, 0xf, 0xff, 0x5f,
    0xf7, 0x44, 0x44, 0x44, 0x44, 0x44, 0x44, 0x44,
    0x45, 0xff, 0xc1, 0xff, 0xff, 0xff, 0xff, 0xff,
    0xff, 0xff, 0xff, 0xff, 0xff, 0xf5, 0x6, 0xef,
    0xff, 0xff, 0xff, 0xff, 0xff, 0xff, 0xff, 0xff,
    0xfb, 0x0,

    /* U+F242 "" */
    0x4, 0x44, 0x44, 0x44, 0x44, 0x44, 0x44, 0x44,
    0x44, 0x44, 0x10, 0xa, 0xff, 0xff, 0xff, 0xff,
    0xff, 0xff, 0xff, 0xff, 0xff, 0xfe, 0x10, 0xff,
    0xff, 0xff, 0xff, 0xff, 0xff, 0xff, 0xff, 0xff,
    0xff, 0xf5, 0xf, 0xf4, 0x0, 0x0, 0x0, 0x0,
    0x0, 0x0, 0x0, 0x0, 0xff, 0xf3, 0xff, 0x4c,
    0xff, 0xff, 0xff, 0xf1, 0x0, 0x0, 0x0, 0xf,
    0xff, 0x5f, 0xf4, 0xcf, 0xff, 0xff, 0xff, 0x10,
    0x0, 0x0, 0x0, 0x3f, 0xf5, 0xff, 0x4c, 0xff,
    0xff, 0xff, 0xf1, 0x0, 0x0, 0x0, 0x0, 0xef,
    0x5f, 0xf4, 0xcf, 0xff, 0xff, 0xff, 0x10, 0x0,
    0x0, 0x0, 0x8f, 0xf5, 0xff, 0x46, 0x88, 0x88,
    0x88, 0x80, 0x0, 0x0, 0x0, 0xf, 0xff, 0x5f,
    0xf7, 0x44, 0x44, 0x44, 0x44, 0x44, 0x44, 0x44,
    0x45, 0xff, 0xc1, 0xff, 0xff, 0xff, 0xff, 0xff,
    0xff, 0xff, 0xff, 0xff, 0xff, 0xf5, 0x6, 0xef,
    0xff, 0xff, 0xff, 0xff, 0xff, 0xff, 0xff, 0xff,
    0xfb, 0x0,

    /* U+F243 "" */
    0x4, 0x44, 0x44, 0x44, 0x44, 0x44, 0x44, 0x44,
    0x44, 0x44, 0x10, 0xa, 0xff, 0xff, 0xff, 0xff,
    0xff, 0xff, 0xff, 0xff, 0xff, 0xfe, 0x10, 0xff,
    0xff, 0xff, 0xff, 0xff, 0xff, 0xff, 0xff, 0xff,
    0xff, 0xf5, 0xf, 0xf4, 0x0, 0x0, 0x0, 0x0,
    0x0, 0x0, 0x0, 0x0, 0xff, 0xf3, 0xff, 0x49,
    0xff, 0xfe, 0x0, 0x0, 0x0, 0x0, 0x0, 0xf,
    0xff, 0x5f, 0xf4, 0x9f, 0xff, 0xe0, 0x0, 0x0,
    0x0, 0x0, 0x0, 0x3f, 0xf5, 0xff, 0x49, 0xff,
    0xfe, 0x0, 0x0, 0x0, 0x0, 0x0, 0x0, 0xef,
    0x5f, 0xf4, 0x9f, 0xff, 0xe0, 0x0, 0x0, 0x0,
    0x0, 0x0, 0x8f, 0xf5, 0xff, 0x44, 0x88, 0x87,
    0x0, 0x0, 0x0, 0x0, 0x0, 0xf, 0xff, 0x5f,
    0xf7, 0x44, 0x44, 0x44, 0x44, 0x44, 0x44, 0x44,
    0x45, 0xff, 0xc1, 0xff, 0xff, 0xff, 0xff, 0xff,
    0xff, 0xff, 0xff, 0xff, 0xff, 0xf5, 0x6, 0xef,
    0xff, 0xff, 0xff, 0xff, 0xff, 0xff, 0xff, 0xff,
    0xfb, 0x0,

    /* U+F244 "" */
    0x4, 0x44, 0x44, 0x44, 0x44, 0x44, 0x44, 0x44,
    0x44, 0x44, 0x10, 0xa, 0xff, 0xff, 0xff, 0xff,
    0xff, 0xff, 0xff, 0xff, 0xff, 0xfe, 0x10, 0xff,
    0xff, 0xff, 0xff, 0xff, 0xff, 0xff, 0xff, 0xff,
    0xff, 0xf5, 0xf, 0xf4, 0x0, 0x0, 0x0, 0x0,
    0x0, 0x0, 0x0, 0x0, 0xff, 0xf3, 0xff, 0x40,
    0x0, 0x0, 0x0, 0x0, 0x0, 0x0, 0x0, 0xf,
    0xff, 0x5f, 0xf4, 0x0, 0x0, 0x0, 0x0, 0x0,
    0x0, 0x0, 0x0, 0x3f, 0xf5, 0xff, 0x40, 0x0,
    0x0, 0x0, 0x0, 0x0, 0x0, 0x0, 0x0, 0xef,
    0x5f, 0xf4, 0x0, 0x0, 0x0, 0x0, 0x0, 0x0,
    0x0, 0x0, 0x8f, 0xf5, 0xff, 0x40, 0x0, 0x0,
    0x0, 0x0, 0x0, 0x0, 0x0, 0xf, 0xff, 0x5f,
    0xf7, 0x44, 0x44, 0x44, 0x44, 0x44, 0x44, 0x44,
    0x45, 0xff, 0xc1, 0xff, 0xff, 0xff, 0xff, 0xff,
    0xff, 0xff, 0xff, 0xff, 0xff, 0xf5, 0x6, 0xef,
    0xff, 0xff, 0xff, 0xff, 0xff, 0xff, 0xff, 0xff,
    0xfb, 0x0,

    /* U+F287 "" */
    0x0, 0x0, 0x0, 0x0, 0x0, 0x0, 0x78, 0x10,
    0x0, 0x0, 0x0, 0x0, 0x0, 0x0, 0x0, 0x0,
    0x26, 0x9f, 0xfd, 0x0, 0x0, 0x0, 0x0, 0x0,
    0x0, 0x0, 0x0, 0x4f, 0xef, 0xff, 0xf0, 0x0,
    0x0, 0x0, 0x0, 0x0, 0x0, 0x0, 0xe, 0x80,
    0x2e, 0xf7, 0x0, 0x0, 0x0, 0x0, 0x0, 0x20,
    0x0, 0x6, 0xe0, 0x0, 0x0, 0x0, 0x0, 0x0,
    0x0, 0x3, 0xef, 0xe3, 0x0, 0xd7, 0x0, 0x0,
    0x0, 0x0, 0x2, 0xa1, 0x0, 0xcf, 0xff, 0xd4,
    0x9f, 0x55, 0x55, 0x55, 0x55, 0x55, 0x7f, 0xf7,
    0xf, 0xff, 0xff, 0xff, 0xff, 0xff, 0xff, 0xff,
    0xff, 0xff, 0xff, 0xf5, 0xaf, 0xff, 0xa0, 0x0,
    0xb, 0xb0, 0x0, 0x0, 0x0, 0x3f, 0xb2, 0x0,
    0x9c, 0x90, 0x0, 0x0, 0x3f, 0x30, 0x0, 0x0,
    0x1, 0x50, 0x0, 0x0, 0x0, 0x0, 0x0, 0x0,
    0xbb, 0x2, 0xbb, 0xb5, 0x0, 0x0, 0x0, 0x0,
    0x0, 0x0, 0x0, 0x2, 0xf9, 0x9f, 0xff, 0x80,
    0x0, 0x0, 0x0, 0x0, 0x0, 0x0, 0x0, 0x3,
    0xbd, 0xff, 0xf8, 0x0, 0x0, 0x0, 0x0, 0x0,
    0x0, 0x0, 0x0, 0x0, 0x3f, 0xff, 0x80, 0x0,
    0x0, 0x0, 0x0, 0x0, 0x0, 0x0, 0x0, 0x0,
    0x0, 0x0, 0x0, 0x0, 0x0,

    /* U+F293 "" */
    0x0, 0x1, 0x7b, 0xdd, 0xb8, 0x20, 0x0, 0x0,
    0x5f, 0xff, 0xdf, 0xff, 0xf6, 0x0, 0x4, 0xff,
    0xff, 0x68, 0xff, 0xff, 0x40, 0xe, 0xff, 0xff,
    0x60, 0x8f, 0xff, 0xd0, 0x4f, 0xff, 0xff, 0x60,
    0x9, 0xff, 0xf3, 0x8f, 0xf6, 0xbf, 0x61, 0xc0,
    0x9f, 0xf7, 0xbf, 0xf6, 0xb, 0x60, 0xe2, 0x5f,
    0xf9, 0xdf, 0xff, 0x50, 0x20, 0x33, 0xff, 0xfb,
    0xef, 0xff, 0xf5, 0x0, 0x2e, 0xff, 0xfc, 0xef,
    0xff, 0xfc, 0x0, 0x7f, 0xff, 0xfc, 0xdf, 0xff,
    0xd1, 0x0, 0x9, 0xff, 0xfc, 0xcf, 0xfc, 0x13,
    0x50, 0x90, 0xaf, 0xfb, 0xaf, 0xf2, 0x4f, 0x60,
    0xf3, 0x2f, 0xf9, 0x6f, 0xfd, 0xff, 0x70, 0x52,
    0xef, 0xf6, 0x1f, 0xff, 0xff, 0x70, 0x2e, 0xff,
    0xf1, 0x9, 0xff, 0xff, 0x72, 0xef, 0xff, 0x90,
    0x0, 0xbf, 0xff, 0xae, 0xff, 0xfd, 0x10, 0x0,
    0x5, 0xcf, 0xff, 0xfd, 0x80, 0x0, 0x0, 0x0,
    0x0, 0x11, 0x0, 0x0, 0x0,

    /* U+F2ED "" */
    0x0, 0x0, 0x5, 0x88, 0x88, 0x30, 0x0, 0x0,
    0x56, 0x66, 0x7f, 0xff, 0xff, 0xe6, 0x66, 0x63,
    0xff, 0xff, 0xff, 0xff, 0xff, 0xff, 0xff, 0xfb,
    0xcd, 0xdd, 0xdd, 0xdd, 0xdd, 0xdd, 0xdd, 0xd8,
    0x3, 0x44, 0x44, 0x44, 0x44, 0x44, 0x44, 0x20,
    0xe, 0xff, 0xff, 0xff, 0xff, 0xff, 0xff, 0xa0,
    0xe, 0xff, 0xff, 0xff, 0xff, 0xff, 0xff, 0xa0,
    0xe, 0xff, 0x1f, 0xf6, 0xaf, 0xc4, 0xff, 0xa0,
    0xe, 0xff, 0xf, 0xf5, 0x9f, 0xb3, 0xff, 0xa0,
    0xe, 0xff, 0xf, 0xf5, 0x9f, 0xb3, 0xff, 0xa0,
    0xe, 0xff, 0xf, 0xf5, 0x9f, 0xb3, 0xff, 0xa0,
    0xe, 0xff, 0xf, 0xf5, 0x9f, 0xb3, 0xff, 0xa0,
    0xe, 0xff, 0xf, 0xf5, 0x9f, 0xb3, 0xff, 0xa0,
    0xe, 0xff, 0xf, 0xf5, 0x9f, 0xb3, 0xff, 0xa0,
    0xe, 0xff, 0xf, 0xf5, 0x9f, 0xb3, 0xff, 0xa0,
    0xe, 0xff, 0x1f, 0xf6, 0xaf, 0xc4, 0xff, 0xa0,
    0xd, 0xff, 0xff, 0xff, 0xff, 0xff, 0xff, 0x90,
    0x8, 0xff, 0xff, 0xff, 0xff, 0xff, 0xff, 0x40,
    0x0, 0x24, 0x44, 0x44, 0x44, 0x44, 0x31, 0x0,

    /* U+F304 "" */
    0x0, 0x0, 0x0, 0x0, 0x0, 0x0, 0x0, 0x8a,
    0x30, 0x0, 0x0, 0x0, 0x0, 0x0, 0x0, 0x0,
    0xbf, 0xff, 0x30, 0x0, 0x0, 0x0, 0x0, 0x0,
    0x0, 0xbf, 0xff, 0xff, 0x30, 0x0, 0x0, 0x0,
    0x0, 0x0, 0x34, 0xff, 0xff, 0xfd, 0x0, 0x0,
    0x0, 0x0, 0x0, 0xbf, 0x44, 0xff, 0xff, 0xe0,
    0x0, 0x0, 0x0, 0x0, 0xbf, 0xff, 0x44, 0xff,
    0xf4, 0x0, 0x0, 0x0, 0x0, 0xbf, 0xff, 0xff,
    0x44, 0xf4, 0x0, 0x0, 0x0, 0x0, 0xbf, 0xff,
    0xff, 0xff, 0x41, 0x0, 0x0, 0x0, 0x0, 0xbf,
    0xff, 0xff, 0xff, 0xf4, 0x0, 0x0, 0x0, 0x0,
    0xbf, 0xff, 0xff, 0xff, 0xf4, 0x0, 0x0, 0x0,
    0x0, 0xbf, 0xff, 0xff, 0xff, 0xf4, 0x0, 0x0,
    0x0, 0x0, 0xbf, 0xff, 0xff, 0xff, 0xf4, 0x0,
    0x0, 0x0, 0x0, 0xbf, 0xff, 0xff, 0xff, 0xf4,
    0x0, 0x0, 0x0, 0x0, 0x8f, 0xff, 0xff, 0xff,
    0xf4, 0x0, 0x0, 0x0, 0x0, 0xa, 0xff, 0xff,
    0xff, 0xf4, 0x0, 0x0, 0x0, 0x0, 0x0, 0xcf,
    0xff, 0xff, 0xf4, 0x0, 0x0, 0x0, 0x0, 0x0,
    0xe, 0xff, 0xff, 0xf4, 0x0, 0x0, 0x0, 0x0,
    0x0, 0x0, 0xff, 0xff, 0xd4, 0x0, 0x0, 0x0,
    0x0, 0x0, 0x0, 0x2, 0x31, 0x0, 0x0, 0x0,
    0x0, 0x0, 0x0, 0x0, 0x0,

    /* U+F55A "" */
    0x0, 0x0, 0x0, 0x57, 0x88, 0x88, 0x88, 0x88,
    0x88, 0x88, 0x72, 0x0, 0x0, 0x0, 0xaf, 0xff,
    0xff, 0xff, 0xff, 0xff, 0xff, 0xff, 0xf2, 0x0,
    0x0, 0xbf, 0xff, 0xff, 0xff, 0xff, 0xff, 0xff,
    0xff, 0xff, 0x70, 0x0, 0xbf, 0xff, 0xff, 0xf8,
    0xaf, 0xff, 0xa8, 0xff, 0xff, 0xf8, 0x0, 0xbf,
    0xff, 0xff, 0xfa, 0x0, 0xaf, 0xa0, 0xa, 0xff,
    0xff, 0x80, 0xbf, 0xff, 0xff, 0xff, 0xf3, 0x0,
    0x60, 0x3, 0xff, 0xff, 0xf8, 0xaf, 0xff, 0xff,
    0xff, 0xff, 0xf3, 0x0, 0x3, 0xff, 0xff, 0xff,
    0x8e, 0xff, 0xff, 0xff, 0xff, 0xff, 0x90, 0x0,
    0x9f, 0xff, 0xff, 0xf8, 0x4f, 0xff, 0xff, 0xff,
    0xff, 0xa0, 0x0, 0x0, 0xaf, 0xff, 0xff, 0x80,
    0x4f, 0xff, 0xff, 0xff, 0xb0, 0x3, 0xe3, 0x0,
    0xbf, 0xff, 0xf8, 0x0, 0x4f, 0xff, 0xff, 0xfe,
    0x13, 0xff, 0xf3, 0x1e, 0xff, 0xff, 0x80, 0x0,
    0x4f, 0xff, 0xff, 0xfe, 0xff, 0xff, 0xfe, 0xff,
    0xff, 0xf7, 0x0, 0x0, 0x4f, 0xff, 0xff, 0xff,
    0xff, 0xff, 0xff, 0xff, 0xff, 0x50, 0x0, 0x0,
    0x3d, 0xff, 0xff, 0xff, 0xff, 0xff, 0xff, 0xff,
    0x90,

    /* U+F7C2 "" */
    0x0, 0x1, 0xcf, 0xff, 0xff, 0xfe, 0x60, 0x0,
    0x1c, 0xff, 0xff, 0xff, 0xff, 0xf2, 0x0, 0xcf,
    0x47, 0xf4, 0xd8, 0x4f, 0xf5, 0xc, 0xff, 0x3,
    0xe0, 0xc5, 0xe, 0xf5, 0xcf, 0xff, 0x3, 0xe0,
    0xc5, 0xe, 0xf5, 0xff, 0xff, 0x24, 0xe2, 0xc6,
    0x2e, 0xf5, 0xff, 0xff, 0xff, 0xff, 0xff, 0xff,
    0xf5, 0xff, 0xff, 0xff, 0xff, 0xff, 0xff, 0xf5,
    0xff, 0xff, 0xff, 0xff, 0xff, 0xff, 0xf5, 0xff,
    0xff, 0xff, 0xff, 0xff, 0xff, 0xf5, 0xff, 0xff,
    0xff, 0xff, 0xff, 0xff, 0xf5, 0xff, 0xff, 0xff,
    0xff, 0xff, 0xff, 0xf5, 0xff, 0xff, 0xff, 0xff,
    0xff, 0xff, 0xf5, 0xff, 0xff, 0xff, 0xff, 0xff,
    0xff, 0xf5, 0xff, 0xff, 0xff, 0xff, 0xff, 0xff,
    0xf5, 0xff, 0xff, 0xff, 0xff, 0xff, 0xff, 0xf5,
    0xef, 0xff, 0xff, 0xff, 0xff, 0xff, 0xf3, 0x5f,
    0xff, 0xff, 0xff, 0xff, 0xff, 0xa0, 0x1, 0x34,
    0x44, 0x44, 0x44, 0x42, 0x0,

    /* U+F8A2 "" */
    0x0, 0x0, 0x0, 0x0, 0x0, 0x0, 0x0, 0x0,
    0x3, 0x0, 0x0, 0x0, 0x0, 0x0, 0x0, 0x0,
    0x0, 0x5, 0xf1, 0x0, 0x0, 0x0, 0x0, 0x0,
    0x0, 0x0, 0x5, 0xff, 0x10, 0x0, 0x3e, 0x90,
    0x0, 0x0, 0x0, 0x0, 0xbf, 0xf1, 0x0, 0x4f,
    0xfb, 0x0, 0x0, 0x0, 0x0, 0xb, 0xff, 0x10,
    0x5f, 0xff, 0xb0, 0x0, 0x0, 0x0, 0x0, 0xbf,
    0xf1, 0x6f, 0xff, 0xff, 0xff, 0xff, 0xff, 0xff,
    0xff, 0xff, 0x1d, 0xff, 0xff, 0xff, 0xff, 0xff,
    0xff, 0xff, 0xff, 0xf1, 0x3e, 0xff, 0xfe, 0xcc,
    0xcc, 0xcc, 0xcc, 0xcc, 0xca, 0x0, 0x2e, 0xff,
    0xb0, 0x0, 0x0, 0x0, 0x0, 0x0, 0x0, 0x0,
    0x1d, 0xfb, 0x0, 0x0, 0x0, 0x0, 0x0, 0x0,
    0x0, 0x0, 0x1b, 0x60, 0x0, 0x0, 0x0, 0x0,
    0x0, 0x0
};


/*---------------------
 *  GLYPH DESCRIPTION
 *--------------------*/

static const lv_font_fmt_txt_glyph_dsc_t glyph_dsc[] = {
    {.bitmap_index = 0, .adv_w = 0, .box_w = 0, .box_h = 0, .ofs_x = 0, .ofs_y = 0} /* id = 0 reserved */,
    {.bitmap_index = 0, .adv_w = 92, .box_w = 0, .box_h = 0, .ofs_x = 0, .ofs_y = 0},
    {.bitmap_index = 0, .adv_w = 93, .box_w = 4, .box_h = 12, .ofs_x = 1, .ofs_y = -2},
    {.bitmap_index = 24, .adv_w = 166, .box_w = 9, .box_h = 5, .ofs_x = 1, .ofs_y = 7},
    {.bitmap_index = 47, .adv_w = 255, .box_w = 14, .box_h = 13, .ofs_x = 1, .ofs_y = -3},
    {.bitmap_index = 138, .adv_w = 203, .box_w = 11, .box_h = 16, .ofs_x = 1, .ofs_y = -3},
    {.bitmap_index = 226, .adv_w = 374, .box_w = 22, .box_h = 12, .ofs_x = 1, .ofs_y = -2},
    {.bitmap_index = 358, .adv_w = 237, .box_w = 13, .box_h = 15, .ofs_x = 1, .ofs_y = -3},
    {.bitmap_index = 456, .adv_w = 93, .box_w = 4, .box_h = 5, .ofs_x = 1, .ofs_y = 7},
    {.bitmap_index = 466, .adv_w = 130, .box_w = 7, .box_h = 13, .ofs_x = 1, .ofs_y = -2},
    {.bitmap_index = 512, .adv_w = 130, .box_w = 6, .box_h = 13, .ofs_x = 1, .ofs_y = -2},
    {.bitmap_index = 551, .adv_w = 173, .box_w = 9, .box_h = 8, .ofs_x = 1, .ofs_y = 5},
    {.bitmap_index = 587, .adv_w = 189, .box_w = 10, .box_h = 9, .ofs_x = 1, .ofs_y = -2},
    {.bitmap_index = 632, .adv_w = 94, .box_w = 4, .box_h = 7, .ofs_x = 1, .ofs_y = -5},
    {.bitmap_index = 646, .adv_w = 170, .box_w = 9, .box_h = 3, .ofs_x = 1, .ofs_y = 2},
    {.bitmap_index = 660, .adv_w = 93, .box_w = 4, .box_h = 4, .ofs_x = 1, .ofs_y = -2},
    {.bitmap_index = 668, .adv_w = 147, .box_w = 9, .box_h = 12, .ofs_x = 0, .ofs_y = -2},
    {.bitmap_index = 722, .adv_w = 205, .box_w = 11, .box_h = 12, .ofs_x = 1, .ofs_y = -2},
    {.bitmap_index = 788, .adv_w = 169, .box_w = 8, .box_h = 12, .ofs_x = 1, .ofs_y = -2},
    {.bitmap_index = 836, .adv_w = 192, .box_w = 12, .box_h = 12, .ofs_x = 0, .ofs_y = -2},
    {.bitmap_index = 908, .adv_w = 191, .box_w = 12, .box_h = 12, .ofs_x = 0, .ofs_y = -2},
    {.bitmap_index = 980, .adv_w = 208, .box_w = 13, .box_h = 12, .ofs_x = 0, .ofs_y = -2},
    {.bitmap_index = 1058, .adv_w = 193, .box_w = 12, .box_h = 12, .ofs_x = 0, .ofs_y = -2},
    {.bitmap_index = 1130, .adv_w = 197, .box_w = 11, .box_h = 12, .ofs_x = 1, .ofs_y = -2},
    {.bitmap_index = 1196, .adv_w = 177, .box_w = 11, .box_h = 12, .ofs_x = 0, .ofs_y = -2},
    {.bitmap_index = 1262, .adv_w = 197, .box_w = 12, .box_h = 12, .ofs_x = 0, .ofs_y = -2},
    {.bitmap_index = 1334, .adv_w = 197, .box_w = 12, .box_h = 12, .ofs_x = 0, .ofs_y = -2},
    {.bitmap_index = 1406, .adv_w = 93, .box_w = 4, .box_h = 9, .ofs_x = 1, .ofs_y = -2},
    {.bitmap_index = 1424, .adv_w = 94, .box_w = 4, .box_h = 12, .ofs_x = 1, .ofs_y = -5},
    {.bitmap_index = 1448, .adv_w = 196, .box_w = 11, .box_h = 11, .ofs_x = 1, .ofs_y = -3},
    {.bitmap_index = 1509, .adv_w = 172, .box_w = 9, .box_h = 8, .ofs_x = 1, .ofs_y = -1},
    {.bitmap_index = 1545, .adv_w = 196, .box_w = 11, .box_h = 11, .ofs_x = 1, .ofs_y = -3},
    {.bitmap_index = 1606, .adv_w = 196, .box_w = 11, .box_h = 14, .ofs_x = 1, .ofs_y = -2},
    {.bitmap_index = 1683, .adv_w = 302, .box_w = 17, .box_h = 16, .ofs_x = 1, .ofs_y = -3},
    {.bitmap_index = 1819, .adv_w = 236, .box_w = 13, .box_h = 12, .ofs_x = 1, .ofs_y = -2},
    {.bitmap_index = 1897, .adv_w = 201, .box_w = 11, .box_h = 12, .ofs_x = 1, .ofs_y = -2},
    {.bitmap_index = 1963, .adv_w = 231, .box_w = 13, .box_h = 12, .ofs_x = 1, .ofs_y = -2},
    {.bitmap_index = 2041, .adv_w = 212, .box_w = 12, .box_h = 12, .ofs_x = 1, .ofs_y = -2},
    {.bitmap_index = 2113, .adv_w = 181, .box_w = 10, .box_h = 12, .ofs_x = 1, .ofs_y = -2},
    {.bitmap_index = 2173, .adv_w = 179, .box_w = 10, .box_h = 12, .ofs_x = 1, .ofs_y = -2},
    {.bitmap_index = 2233, .adv_w = 230, .box_w = 13, .box_h = 12, .ofs_x = 1, .ofs_y = -2},
    {.bitmap_index = 2311, .adv_w = 207, .box_w = 11, .box_h = 12, .ofs_x = 1, .ofs_y = -2},
    {.bitmap_index = 2377, .adv_w = 89, .box_w = 4, .box_h = 12, .ofs_x = 1, .ofs_y = -2},
    {.bitmap_index = 2401, .adv_w = 202, .box_w = 11, .box_h = 12, .ofs_x = 1, .ofs_y = -2},
    {.bitmap_index = 2467, .adv_w = 222, .box_w = 12, .box_h = 12, .ofs_x = 1, .ofs_y = -2},
    {.bitmap_index = 2539, .adv_w = 176, .box_w = 9, .box_h = 12, .ofs_x = 1, .ofs_y = -2},
    {.bitmap_index = 2593, .adv_w = 272, .box_w = 15, .box_h = 12, .ofs_x = 1, .ofs_y = -2},
    {.bitmap_index = 2683, .adv_w = 221, .box_w = 12, .box_h = 12, .ofs_x = 1, .ofs_y = -2},
    {.bitmap_index = 2755, .adv_w = 235, .box_w = 13, .box_h = 12, .ofs_x = 1, .ofs_y = -2},
    {.bitmap_index = 2833, .adv_w = 209, .box_w = 11, .box_h = 12, .ofs_x = 1, .ofs_y = -2},
    {.bitmap_index = 2899, .adv_w = 235, .box_w = 13, .box_h = 16, .ofs_x = 1, .ofs_y = -6},
    {.bitmap_index = 3003, .adv_w = 212, .box_w = 12, .box_h = 12, .ofs_x = 1, .ofs_y = -2},
    {.bitmap_index = 3075, .adv_w = 205, .box_w = 11, .box_h = 12, .ofs_x = 1, .ofs_y = -2},
    {.bitmap_index = 3141, .adv_w = 215, .box_w = 12, .box_h = 12, .ofs_x = 1, .ofs_y = -2},
    {.bitmap_index = 3213, .adv_w = 210, .box_w = 12, .box_h = 12, .ofs_x = 1, .ofs_y = -2},
    {.bitmap_index = 3285, .adv_w = 234, .box_w = 13, .box_h = 12, .ofs_x = 1, .ofs_y = -2},
    {.bitmap_index = 3363, .adv_w = 310, .box_w = 18, .box_h = 12, .ofs_x = 1, .ofs_y = -2},
    {.bitmap_index = 3471, .adv_w = 239, .box_w = 13, .box_h = 12, .ofs_x = 1, .ofs_y = -2},
    {.bitmap_index = 3549, .adv_w = 235, .box_w = 13, .box_h = 12, .ofs_x = 1, .ofs_y = -2},
    {.bitmap_index = 3627, .adv_w = 203, .box_w = 11, .box_h = 12, .ofs_x = 1, .ofs_y = -2},
    {.bitmap_index = 3693, .adv_w = 140, .box_w = 7, .box_h = 14, .ofs_x = 1, .ofs_y = -3},
    {.bitmap_index = 3742, .adv_w = 147, .box_w = 9, .box_h = 12, .ofs_x = 0, .ofs_y = -2},
    {.bitmap_index = 3796, .adv_w = 140, .box_w = 7, .box_h = 14, .ofs_x = 1, .ofs_y = -3},
    {.bitmap_index = 3845, .adv_w = 200, .box_w = 11, .box_h = 6, .ofs_x = 1, .ofs_y = 6},
    {.bitmap_index = 3878, .adv_w = 145, .box_w = 10, .box_h = 3, .ofs_x = 0, .ofs_y = -2},
    {.bitmap_index = 3893, .adv_w = 108, .box_w = 6, .box_h = 4, .ofs_x = 0, .ofs_y = 8},
    {.bitmap_index = 3905, .adv_w = 190, .box_w = 12, .box_h = 9, .ofs_x = 0, .ofs_y = -2},
    {.bitmap_index = 3959, .adv_w = 190, .box_w = 12, .box_h = 13, .ofs_x = 0, .ofs_y = -2},
    {.bitmap_index = 4037, .adv_w = 187, .box_w = 11, .box_h = 9, .ofs_x = 0, .ofs_y = -2},
    {.bitmap_index = 4087, .adv_w = 190, .box_w = 12, .box_h = 13, .ofs_x = 0, .ofs_y = -2},
    {.bitmap_index = 4165, .adv_w = 185, .box_w = 11, .box_h = 9, .ofs_x = 0, .ofs_y = -2},
    {.bitmap_index = 4215, .adv_w = 153, .box_w = 9, .box_h = 13, .ofs_x = 0, .ofs_y = -2},
    {.bitmap_index = 4274, .adv_w = 190, .box_w = 12, .box_h = 13, .ofs_x = 0, .ofs_y = -6},
    {.bitmap_index = 4352, .adv_w = 185, .box_w = 11, .box_h = 13, .ofs_x = 0, .ofs_y = -2},
    {.bitmap_index = 4424, .adv_w = 76, .box_w = 5, .box_h = 13, .ofs_x = 0, .ofs_y = -2},
    {.bitmap_index = 4457, .adv_w = 86, .box_w = 6, .box_h = 17, .ofs_x = -1, .ofs_y = -6},
    {.bitmap_index = 4508, .adv_w = 184, .box_w = 11, .box_h = 13, .ofs_x = 0, .ofs_y = -2},
    {.bitmap_index = 4580, .adv_w = 76, .box_w = 5, .box_h = 13, .ofs_x = 0, .ofs_y = -2},
    {.bitmap_index = 4613, .adv_w = 274, .box_w = 17, .box_h = 9, .ofs_x = 0, .ofs_y = -2},
    {.bitmap_index = 4690, .adv_w = 185, .box_w = 11, .box_h = 9, .ofs_x = 0, .ofs_y = -2},
    {.bitmap_index = 4740, .adv_w = 188, .box_w = 12, .box_h = 9, .ofs_x = 0, .ofs_y = -2},
    {.bitmap_index = 4794, .adv_w = 190, .box_w = 12, .box_h = 13, .ofs_x = 0, .ofs_y = -6},
    {.bitmap_index = 4872, .adv_w = 190, .box_w = 12, .box_h = 13, .ofs_x = 0, .ofs_y = -6},
    {.bitmap_index = 4950, .adv_w = 138, .box_w = 8, .box_h = 9, .ofs_x = 0, .ofs_y = -2},
    {.bitmap_index = 4986, .adv_w = 175, .box_w = 11, .box_h = 9, .ofs_x = 0, .ofs_y = -2},
    {.bitmap_index = 5036, .adv_w = 150, .box_w = 9, .box_h = 11, .ofs_x = 0, .ofs_y = -2},
    {.bitmap_index = 5086, .adv_w = 185, .box_w = 11, .box_h = 9, .ofs_x = 0, .ofs_y = -2},
    {.bitmap_index = 5136, .adv_w = 190, .box_w = 12, .box_h = 9, .ofs_x = 0, .ofs_y = -2},
    {.bitmap_index = 5190, .adv_w = 265, .box_w = 16, .box_h = 9, .ofs_x = 0, .ofs_y = -2},
    {.bitmap_index = 5262, .adv_w = 207, .box_w = 13, .box_h = 9, .ofs_x = 0, .ofs_y = -2},
    {.bitmap_index = 5321, .adv_w = 200, .box_w = 12, .box_h = 13, .ofs_x = 0, .ofs_y = -6},
    {.bitmap_index = 5399, .adv_w = 170, .box_w = 10, .box_h = 9, .ofs_x = 0, .ofs_y = -2},
    {.bitmap_index = 5444, .adv_w = 138, .box_w = 7, .box_h = 14, .ofs_x = 1, .ofs_y = -3},
    {.bitmap_index = 5493, .adv_w = 93, .box_w = 4, .box_h = 18, .ofs_x = 1, .ofs_y = -5},
    {.bitmap_index = 5529, .adv_w = 138, .box_w = 7, .box_h = 14, .ofs_x = 1, .ofs_y = -3},
    {.bitmap_index = 5578, .adv_w = 215, .box_w = 12, .box_h = 4, .ofs_x = 1, .ofs_y = 1},
    {.bitmap_index = 5602, .adv_w = 288, .box_w = 16, .box_h = 15, .ofs_x = 1, .ofs_y = -2},
    {.bitmap_index = 5722, .adv_w = 288, .box_w = 18, .box_h = 17, .ofs_x = 0, .ofs_y = -3},
    {.bitmap_index = 5875, .adv_w = 288, .box_w = 17, .box_h = 16, .ofs_x = 0, .ofs_y = -2},
    {.bitmap_index = 6011, .adv_w = 288, .box_w = 17, .box_h = 18, .ofs_x = 1, .ofs_y = -4},
    {.bitmap_index = 6164, .adv_w = 288, .box_w = 18, .box_h = 17, .ofs_x = 0, .ofs_y = -3},
    {.bitmap_index = 6317, .adv_w = 288, .box_w = 17, .box_h = 16, .ofs_x = 1, .ofs_y = -2},
    {.bitmap_index = 6453, .adv_w = 288, .box_w = 15, .box_h = 15, .ofs_x = 2, .ofs_y = -2},
    {.bitmap_index = 6566, .adv_w = 288, .box_w = 17, .box_h = 15, .ofs_x = 1, .ofs_y = -2},
    {.bitmap_index = 6694, .adv_w = 288, .box_w = 17, .box_h = 16, .ofs_x = 0, .ofs_y = -3},
    {.bitmap_index = 6830, .adv_w = 288, .box_w = 14, .box_h = 15, .ofs_x = 2, .ofs_y = -2},
    {.bitmap_index = 6935, .adv_w = 288, .box_w = 16, .box_h = 17, .ofs_x = 1, .ofs_y = -3},
    {.bitmap_index = 7071, .adv_w = 288, .box_w = 16, .box_h = 17, .ofs_x = 1, .ofs_y = -3},
    {.bitmap_index = 7207, .adv_w = 288, .box_w = 17, .box_h = 16, .ofs_x = 0, .ofs_y = -3},
    {.bitmap_index = 7343, .adv_w = 288, .box_w = 16, .box_h = 16, .ofs_x = 1, .ofs_y = -3},
    {.bitmap_index = 7471, .adv_w = 288, .box_w = 16, .box_h = 17, .ofs_x = 1, .ofs_y = -3},
    {.bitmap_index = 7607, .adv_w = 288, .box_w = 16, .box_h = 16, .ofs_x = 1, .ofs_y = -2},
    {.bitmap_index = 7735, .adv_w = 288, .box_w = 17, .box_h = 18, .ofs_x = 1, .ofs_y = -4},
    {.bitmap_index = 7888, .adv_w = 288, .box_w = 17, .box_h = 16, .ofs_x = 0, .ofs_y = -2},
    {.bitmap_index = 8024, .adv_w = 288, .box_w = 17, .box_h = 17, .ofs_x = 0, .ofs_y = -3},
    {.bitmap_index = 8169, .adv_w = 288, .box_w = 18, .box_h = 15, .ofs_x = 0, .ofs_y = -2},
    {.bitmap_index = 8304, .adv_w = 288, .box_w = 17, .box_h = 15, .ofs_x = 0, .ofs_y = -2},
    {.bitmap_index = 8432, .adv_w = 288, .box_w = 17, .box_h = 18, .ofs_x = 0, .ofs_y = -4},
    {.bitmap_index = 8585, .adv_w = 288, .box_w = 17, .box_h = 15, .ofs_x = 0, .ofs_y = -2},
    {.bitmap_index = 8713, .adv_w = 288, .box_w = 18, .box_h = 17, .ofs_x = 0, .ofs_y = -3},
    {.bitmap_index = 8866, .adv_w = 288, .box_w = 16, .box_h = 18, .ofs_x = 1, .ofs_y = -4},
    {.bitmap_index = 9010, .adv_w = 288, .box_w = 17, .box_h = 16, .ofs_x = 0, .ofs_y = -3},
    {.bitmap_index = 9146, .adv_w = 288, .box_w = 16, .box_h = 16, .ofs_x = 1, .ofs_y = -3},
    {.bitmap_index = 9274, .adv_w = 288, .box_w = 16, .box_h = 17, .ofs_x = 1, .ofs_y = -3},
    {.bitmap_index = 9410, .adv_w = 288, .box_w = 17, .box_h = 15, .ofs_x = 0, .ofs_y = -2},
    {.bitmap_index = 9538, .adv_w = 288, .box_w = 18, .box_h = 16, .ofs_x = 0, .ofs_y = -3},
    {.bitmap_index = 9682, .adv_w = 288, .box_w = 16, .box_h = 15, .ofs_x = 1, .ofs_y = -2},
    {.bitmap_index = 9802, .adv_w = 288, .box_w = 17, .box_h = 16, .ofs_x = 1, .ofs_y = -3},
    {.bitmap_index = 9938, .adv_w = 288, .box_w = 17, .box_h = 16, .ofs_x = 1, .ofs_y = -3},
    {.bitmap_index = 10074, .adv_w = 288, .box_w = 16, .box_h = 16, .ofs_x = 1, .ofs_y = -3},
    {.bitmap_index = 10202, .adv_w = 288, .box_w = 17, .box_h = 16, .ofs_x = 1, .ofs_y = -2},
    {.bitmap_index = 10338, .adv_w = 288, .box_w = 16, .box_h = 16, .ofs_x = 1, .ofs_y = -3},
    {.bitmap_index = 10466, .adv_w = 288, .box_w = 16, .box_h = 17, .ofs_x = 1, .ofs_y = -3},
    {.bitmap_index = 10602, .adv_w = 288, .box_w = 17, .box_h = 16, .ofs_x = 0, .ofs_y = -3},
    {.bitmap_index = 10738, .adv_w = 288, .box_w = 15, .box_h = 16, .ofs_x = 2, .ofs_y = -3},
    {.bitmap_index = 10858, .adv_w = 288, .box_w = 16, .box_h = 16, .ofs_x = 1, .ofs_y = -3},
    {.bitmap_index = 10986, .adv_w = 288, .box_w = 17, .box_h = 16, .ofs_x = 1, .ofs_y = -2},
    {.bitmap_index = 11122, .adv_w = 288, .box_w = 16, .box_h = 16, .ofs_x = 1, .ofs_y = -2},
    {.bitmap_index = 11250, .adv_w = 288, .box_w = 17, .box_h = 17, .ofs_x = 1, .ofs_y = -3},
    {.bitmap_index = 11395, .adv_w = 288, .box_w = 18, .box_h = 17, .ofs_x = 0, .ofs_y = -3},
    {.bitmap_index = 11548, .adv_w = 288, .box_w = 18, .box_h = 17, .ofs_x = 0, .ofs_y = -3},
    {.bitmap_index = 11701, .adv_w = 288, .box_w = 16, .box_h = 15, .ofs_x = 1, .ofs_y = -2},
    {.bitmap_index = 11821, .adv_w = 288, .box_w = 16, .box_h = 18, .ofs_x = 1, .ofs_y = -4},
    {.bitmap_index = 11965, .adv_w = 288, .box_w = 17, .box_h = 17, .ofs_x = 0, .ofs_y = -3},
    {.bitmap_index = 12110, .adv_w = 288, .box_w = 18, .box_h = 16, .ofs_x = 0, .ofs_y = -3},
    {.bitmap_index = 12254, .adv_w = 288, .box_w = 18, .box_h = 17, .ofs_x = 0, .ofs_y = -3},
    {.bitmap_index = 12407, .adv_w = 288, .box_w = 18, .box_h = 17, .ofs_x = 0, .ofs_y = -3},
    {.bitmap_index = 12560, .adv_w = 288, .box_w = 16, .box_h = 18, .ofs_x = 1, .ofs_y = -4},
    {.bitmap_index = 12704, .adv_w = 288, .box_w = 18, .box_h = 17, .ofs_x = 0, .ofs_y = -3},
    {.bitmap_index = 12857, .adv_w = 288, .box_w = 16, .box_h = 17, .ofs_x = 1, .ofs_y = -3},
    {.bitmap_index = 12993, .adv_w = 288, .box_w = 16, .box_h = 16, .ofs_x = 1, .ofs_y = -3},
    {.bitmap_index = 13121, .adv_w = 288, .box_w = 16, .box_h = 16, .ofs_x = 1, .ofs_y = -3},
    {.bitmap_index = 13249, .adv_w = 288, .box_w = 17, .box_h = 16, .ofs_x = 0, .ofs_y = -3},
    {.bitmap_index = 13385, .adv_w = 288, .box_w = 16, .box_h = 15, .ofs_x = 1, .ofs_y = -2},
    {.bitmap_index = 13505, .adv_w = 288, .box_w = 19, .box_h = 19, .ofs_x = 0, .ofs_y = -3},
    {.bitmap_index = 13686, .adv_w = 288, .box_w = 18, .box_h = 14, .ofs_x = 0, .ofs_y = 0},
    {.bitmap_index = 13812, .adv_w = 288, .box_w = 18, .box_h = 17, .ofs_x = 0, .ofs_y = -2},
    {.bitmap_index = 13965, .adv_w = 288, .box_w = 18, .box_h = 14, .ofs_x = 0, .ofs_y = 0},
    {.bitmap_index = 14091, .adv_w = 198, .box_w = 13, .box_h = 13, .ofs_x = 0, .ofs_y = 0},
    {.bitmap_index = 14176, .adv_w = 288, .box_w = 19, .box_h = 18, .ofs_x = 0, .ofs_y = -2},
    {.bitmap_index = 14347, .adv_w = 288, .box_w = 18, .box_h = 19, .ofs_x = 0, .ofs_y = -3},
    {.bitmap_index = 14518, .adv_w = 324, .box_w = 21, .box_h = 17, .ofs_x = 0, .ofs_y = -2},
    {.bitmap_index = 14697, .adv_w = 288, .box_w = 18, .box_h = 19, .ofs_x = 0, .ofs_y = -3},
    {.bitmap_index = 14868, .adv_w = 324, .box_w = 21, .box_h = 14, .ofs_x = 0, .ofs_y = 0},
    {.bitmap_index = 15015, .adv_w = 288, .box_w = 18, .box_h = 19, .ofs_x = 0, .ofs_y = -3},
    {.bitmap_index = 15186, .adv_w = 144, .box_w = 9, .box_h = 15, .ofs_x = 0, .ofs_y = -1},
    {.bitmap_index = 15254, .adv_w = 216, .box_w = 14, .box_h = 15, .ofs_x = 0, .ofs_y = -1},
    {.bitmap_index = 15359, .adv_w = 324, .box_w = 21, .box_h = 18, .ofs_x = 0, .ofs_y = -2},
    {.bitmap_index = 15548, .adv_w = 288, .box_w = 18, .box_h = 14, .ofs_x = 0, .ofs_y = 0},
    {.bitmap_index = 15674, .adv_w = 198, .box_w = 13, .box_h = 19, .ofs_x = 0, .ofs_y = -3},
    {.bitmap_index = 15798, .adv_w = 252, .box_w = 12, .box_h = 17, .ofs_x = 2, .ofs_y = -2},
    {.bitmap_index = 15900, .adv_w = 252, .box_w = 16, .box_h = 19, .ofs_x = 0, .ofs_y = -3},
    {.bitmap_index = 16052, .adv_w = 252, .box_w = 16, .box_h = 17, .ofs_x = 0, .ofs_y = -2},
    {.bitmap_index = 16188, .adv_w = 252, .box_w = 16, .box_h = 17, .ofs_x = 0, .ofs_y = -2},
    {.bitmap_index = 16324, .adv_w = 252, .box_w = 12, .box_h = 17, .ofs_x = 2, .ofs_y = -2},
    {.bitmap_index = 16426, .adv_w = 252, .box_w = 18, .box_h = 17, .ofs_x = -1, .ofs_y = -2},
    {.bitmap_index = 16579, .adv_w = 180, .box_w = 11, .box_h = 16, .ofs_x = 0, .ofs_y = -1},
    {.bitmap_index = 16667, .adv_w = 180, .box_w = 11, .box_h = 16, .ofs_x = 0, .ofs_y = -1},
    {.bitmap_index = 16755, .adv_w = 252, .box_w = 16, .box_h = 17, .ofs_x = 0, .ofs_y = -2},
    {.bitmap_index = 16891, .adv_w = 252, .box_w = 16, .box_h = 4, .ofs_x = 0, .ofs_y = 5},
    {.bitmap_index = 16923, .adv_w = 324, .box_w = 21, .box_h = 14, .ofs_x = 0, .ofs_y = 0},
    {.bitmap_index = 17070, .adv_w = 360, .box_w = 23, .box_h = 19, .ofs_x = 0, .ofs_y = -3},
    {.bitmap_index = 17289, .adv_w = 324, .box_w = 22, .box_h = 19, .ofs_x = -1, .ofs_y = -3},
    {.bitmap_index = 17498, .adv_w = 288, .box_w = 18, .box_h = 17, .ofs_x = 0, .ofs_y = -2},
    {.bitmap_index = 17651, .adv_w = 252, .box_w = 16, .box_h = 10, .ofs_x = 0, .ofs_y = 2},
    {.bitmap_index = 17731, .adv_w = 252, .box_w = 16, .box_h = 10, .ofs_x = 0, .ofs_y = 2},
    {.bitmap_index = 17811, .adv_w = 360, .box_w = 24, .box_h = 15, .ofs_x = -1, .ofs_y = -1},
    {.bitmap_index = 17991, .adv_w = 288, .box_w = 18, .box_h = 14, .ofs_x = 0, .ofs_y = 0},
    {.bitmap_index = 18117, .adv_w = 288, .box_w = 18, .box_h = 19, .ofs_x = 0, .ofs_y = -3},
    {.bitmap_index = 18288, .adv_w = 288, .box_w = 19, .box_h = 19, .ofs_x = -1, .ofs_y = -3},
    {.bitmap_index = 18469, .adv_w = 252, .box_w = 16, .box_h = 17, .ofs_x = 0, .ofs_y = -2},
    {.bitmap_index = 18605, .adv_w = 252, .box_w = 16, .box_h = 19, .ofs_x = 0, .ofs_y = -3},
    {.bitmap_index = 18757, .adv_w = 252, .box_w = 16, .box_h = 17, .ofs_x = 0, .ofs_y = -2},
    {.bitmap_index = 18893, .adv_w = 252, .box_w = 16, .box_h = 15, .ofs_x = 0, .ofs_y = -1},
    {.bitmap_index = 19013, .adv_w = 288, .box_w = 18, .box_h = 14, .ofs_x = 0, .ofs_y = 0},
    {.bitmap_index = 19139, .adv_w = 180, .box_w = 13, .box_h = 19, .ofs_x = -1, .ofs_y = -3},
    {.bitmap_index = 19263, .adv_w = 252, .box_w = 16, .box_h = 19, .ofs_x = 0, .ofs_y = -3},
    {.bitmap_index = 19415, .adv_w = 252, .box_w = 16, .box_h = 19, .ofs_x = 0, .ofs_y = -3},
    {.bitmap_index = 19567, .adv_w = 324, .box_w = 21, .box_h = 14, .ofs_x = 0, .ofs_y = 0},
    {.bitmap_index = 19714, .adv_w = 288, .box_w = 20, .box_h = 20, .ofs_x = -1, .ofs_y = -3},
    {.bitmap_index = 19914, .adv_w = 216, .box_w = 14, .box_h = 19, .ofs_x = 0, .ofs_y = -3},
    {.bitmap_index = 20047, .adv_w = 360, .box_w = 23, .box_h = 18, .ofs_x = 0, .ofs_y = -2},
    {.bitmap_index = 20254, .adv_w = 360, .box_w = 23, .box_h = 12, .ofs_x = 0, .ofs_y = 1},
    {.bitmap_index = 20392, .adv_w = 360, .box_w = 23, .box_h = 12, .ofs_x = 0, .ofs_y = 1},
    {.bitmap_index = 20530, .adv_w = 360, .box_w = 23, .box_h = 12, .ofs_x = 0, .ofs_y = 1},
    {.bitmap_index = 20668, .adv_w = 360, .box_w = 23, .box_h = 12, .ofs_x = 0, .ofs_y = 1},
    {.bitmap_index = 20806, .adv_w = 360, .box_w = 23, .box_h = 12, .ofs_x = 0, .ofs_y = 1},
    {.bitmap_index = 20944, .adv_w = 360, .box_w = 23, .box_h = 15, .ofs_x = 0, .ofs_y = -1},
    {.bitmap_index = 21117, .adv_w = 252, .box_w = 14, .box_h = 19, .ofs_x = 1, .ofs_y = -3},
    {.bitmap_index = 21250, .adv_w = 252, .box_w = 16, .box_h = 19, .ofs_x = 0, .ofs_y = -3},
    {.bitmap_index = 21402, .adv_w = 288, .box_w = 19, .box_h = 19, .ofs_x = -1, .ofs_y = -3},
    {.bitmap_index = 21583, .adv_w = 360, .box_w = 23, .box_h = 14, .ofs_x = 0, .ofs_y = 0},
    {.bitmap_index = 21744, .adv_w = 216, .box_w = 14, .box_h = 19, .ofs_x = 0, .ofs_y = -3},
    {.bitmap_index = 21877, .adv_w = 290, .box_w = 19, .box_h = 12, .ofs_x = 0, .ofs_y = 1}
};

/*---------------------
 *  CHARACTER MAPPING
 *--------------------*/

static const uint16_t unicode_list_1[] = {
    0x0, 0x21, 0x144, 0x246, 0x29f, 0x3bd, 0x3f1, 0x42d,
    0x49f, 0x557, 0x626, 0xd4f, 0xdf0, 0x103c, 0x109d, 0x1106,
    0x111d, 0x1159, 0x11a1, 0x121e, 0x1462, 0x1559, 0x15c6, 0x1767,
    0x17b0, 0x17d7, 0x17ed, 0x1865, 0x19fe, 0x1c18, 0x1d5a, 0x1dcb,
    0x1e57, 0x1ed9, 0x1fe8, 0x22b0, 0x257e, 0x25a6, 0x272c, 0x28ef,
    0x2c71, 0x2ef2, 0x30b6, 0x30bf, 0x30d6, 0x3165, 0x3bc9, 0x3dfa,
    0x3f6e, 0x418a, 0x4211, 0x424a, 0x4726, 0x47eb, 0x488b, 0x4a6c,
    0x4a88, 0x5176, 0xa1f8, 0xa1ff, 0xa202, 0xa203, 0xa204, 0xa208,
    0xa20a, 0xa20c, 0xa210, 0xa213, 0xa218, 0xa21d, 0xa21e, 0xa21f,
    0xa235, 0xa23a, 0xa23f, 0xa242, 0xa243, 0xa244, 0xa248, 0xa249,
    0xa24a, 0xa24b, 0xa25e, 0xa25f, 0xa265, 0xa267, 0xa268, 0xa26b,
    0xa26e, 0xa26f, 0xa270, 0xa272, 0xa28a, 0xa28c, 0xa2bb, 0xa2bc,
    0xa2be, 0xa2c0, 0xa2d7, 0xa2de, 0xa2e1, 0xa2ea, 0xa313, 0xa31b,
    0xa352, 0xa3e2, 0xa437, 0xa438, 0xa439, 0xa43a, 0xa43b, 0xa47e,
    0xa48a, 0xa4e4, 0xa4fb, 0xa751, 0xa9b9, 0xaa99
};

/*Collect the unicode lists and glyph_id offsets*/
static const lv_font_fmt_txt_cmap_t cmaps[] =
{
    {
        .range_start = 32, .range_length = 95, .glyph_id_start = 1,
        .unicode_list = NULL, .glyph_id_ofs_list = NULL, .list_length = 0, .type = LV_FONT_FMT_TXT_CMAP_FORMAT0_TINY
    },
    {
        .range_start = 19977, .range_length = 43674, .glyph_id_start = 96,
        .unicode_list = unicode_list_1, .glyph_id_ofs_list = NULL, .list_length = 118, .type = LV_FONT_FMT_TXT_CMAP_SPARSE_TINY
    }
};

/*-----------------
 *    KERNING
 *----------------*/


/*Map glyph_ids to kern left classes*/
static const uint8_t kern_left_class_mapping[] =
{
    0, 0, 0, 0, 0, 0, 0, 0,
    0, 0, 0, 0, 0, 0, 0, 0,
    0, 1, 0, 0, 2, 0, 0, 0,
    0, 2, 1, 0, 0, 0, 0, 0,
    0, 0, 3, 4, 5, 6, 0, 7,
    8, 0, 0, 9, 0, 10, 0, 0,
    5, 11, 5, 12, 13, 14, 9, 0,
    15, 16, 17, 0, 0, 0, 0, 0,
    0, 0, 18, 19, 19, 0, 19, 7,
    20, 21, 0, 0, 22, 0, 21, 21,
    19, 19, 20, 23, 24, 25, 20, 0,
    26, 8, 27, 25, 0, 0, 0, 0,
    0, 0, 0, 0, 0, 0, 0, 0,
    0, 0, 0, 0, 0, 0, 0, 0,
    0, 0, 0, 0, 0, 0, 0, 0,
    0, 0, 0, 0, 0, 0, 0, 0,
    0, 0, 0, 0, 0, 0, 0, 0,
    0, 0, 0, 0, 0, 0, 0, 0,
    0, 0, 0, 0, 0, 0, 0, 0,
    0, 0, 0, 0, 0, 0, 0, 0,
    0, 0, 0, 0, 0, 0, 0, 0,
    0, 0, 0, 0, 0, 0, 0, 0,
    0, 0, 0, 0, 0, 0, 0, 0,
    0, 0, 0, 0, 0, 0, 0, 0,
    0, 0, 0, 0, 0, 0, 0, 0,
    0, 0, 0, 0, 0, 0, 0, 0,
    0, 0, 0, 0, 0, 0
};

/*Map glyph_ids to kern right classes*/
static const uint8_t kern_right_class_mapping[] =
{
    0, 0, 0, 0, 0, 0, 0, 0,
    0, 0, 0, 0, 0, 0, 0, 0,
    0, 0, 0, 0, 0, 0, 0, 0,
    0, 0, 0, 0, 0, 0, 0, 0,
    0, 0, 1, 0, 0, 0, 0, 0,
    0, 0, 0, 0, 0, 0, 0, 0,
    0, 0, 0, 0, 0, 0, 0, 0,
    2, 0, 3, 0, 0, 0, 0, 0,
    0, 0, 0, 0, 0, 0, 0, 0,
    0, 0, 0, 0, 0, 0, 0, 0,
    0, 0, 0, 0, 0, 0, 0, 0,
    0, 0, 0, 0, 0, 0, 0, 0,
    0, 0, 0, 0, 0, 0, 0, 0,
    0, 0, 0, 0, 0, 0, 0, 0,
    0, 0, 0, 0, 0, 0, 0, 0,
    0, 0, 0, 0, 0, 0, 0, 0,
    0, 0, 0, 0, 0, 0, 0, 0,
    0, 0, 0, 0, 0, 0, 0, 0,
    0, 0, 0, 0, 0, 0, 0, 0,
    0, 0, 0, 0, 0, 0, 0, 0,
    0, 0, 0, 0, 0, 0, 0, 0,
    0, 0, 0, 0, 0, 0, 0, 0,
    0, 0, 0, 0, 0, 0, 0, 0,
    0, 0, 0, 0, 0, 0, 0, 0,
    0, 0, 0, 0, 0, 0, 0, 0,
    0, 0, 0, 0, 0, 0, 0, 0,
    0, 0, 0, 0, 0, 0
};

/*Kern values between classes*/
static const int8_t kern_class_values[] =
{
    -17, -9, -26, -12, -6, -17, 0, -23,
    -46, -12, -12, -20, -17, -10, -27, -17,
    -10, -29, -29, 0, 0, 0, -9, -23,
    -14, 0, 0, 0, -26, -58, -29, -6,
    -20, -6, -6, -20, -12, -12, -23, -40,
    0, 0, -23, 0, 0, -3, 0, 0,
    -46, 0, 0, -3, -17, -46, -12, -17,
    -46, 0, -12, -35, 0, -17, -46, 0,
    -14, -29, -32, -12, -40, -9, -14, -40,
    0, -14, -35, -14, -3, -26, -29, -6,
    -23
};


/*Collect the kern class' data in one place*/
static const lv_font_fmt_txt_kern_classes_t kern_classes =
{
    .class_pair_values   = kern_class_values,
    .left_class_mapping  = kern_left_class_mapping,
    .right_class_mapping = kern_right_class_mapping,
    .left_class_cnt      = 27,
    .right_class_cnt     = 3,
};

/*--------------------
 *  ALL CUSTOM DATA
 *--------------------*/

#if LVGL_VERSION_MAJOR == 8
/*Store all the custom data of the font*/
static  lv_font_fmt_txt_glyph_cache_t cache;
#endif

#if LVGL_VERSION_MAJOR >= 8
static const lv_font_fmt_txt_dsc_t font_dsc = {
#else
static lv_font_fmt_txt_dsc_t font_dsc = {
#endif
    .glyph_bitmap = glyph_bitmap,
    .glyph_dsc = glyph_dsc,
    .cmaps = cmaps,
    .kern_dsc = &kern_classes,
    .kern_scale = 16,
    .cmap_num = 2,
    .bpp = 4,
    .kern_classes = 1,
    .bitmap_format = 0,
#if LVGL_VERSION_MAJOR == 8
    .cache = &cache
#endif
};



/*-----------------
 *  PUBLIC FONT
 *----------------*/

/*Initialize a public general font descriptor*/
#if LVGL_VERSION_MAJOR >= 8
const lv_font_t lv_font_ZiHunDaHei_18 = {
#else
lv_font_t lv_font_ZiHunDaHei_18 = {
#endif
    .get_glyph_dsc = lv_font_get_glyph_dsc_fmt_txt,    /*Function pointer to get glyph's data*/
    .get_glyph_bitmap = lv_font_get_bitmap_fmt_txt,    /*Function pointer to get glyph's bitmap*/
    .line_height = 18,          /*The maximum line height required by the font*/
    .base_line = 2,             /*Baseline measured from the bottom of the line*/
#if !(LVGL_VERSION_MAJOR == 6 && LVGL_VERSION_MINOR == 0)
    .subpx = LV_FONT_SUBPX_NONE,
#endif
#if LV_VERSION_CHECK(7, 4, 0) || LVGL_VERSION_MAJOR >= 8
    .underline_position = -2,
    .underline_thickness = 1,
#endif
    .dsc = &font_dsc,          /*The custom font data. Will be accessed by `get_glyph_bitmap/dsc` */
#if LV_VERSION_CHECK(8, 2, 0) || LVGL_VERSION_MAJOR >= 9
    .fallback = NULL,
#endif
    .user_data = NULL,
};



#endif /*#if LV_FONT_ZIHUNDAHEI_18*/

